id,avg_sentiment
aj9QEO0,2
aoPmAyn,2
aR76dLQ,2
a9njNZo,2
azm7z4j,3
adVyNWB,2
a8GdxOp,2
aO7oVP3,2
a7Wv6Ez,2
aVwj14K,2
aP764ow,3
aoPmK22,2
ax9EwW2,2
a43p00Z,2
aYyjwzV,2
aLw6Xj6,2
avz2B2E,1
aj9QM7R,1
azm7QdZ,2
ayeEKgp,2
a43pn4v,2
a8GdQvd,2
aYyj0qN,2
aO7o5zM,2
a85rP0p,2
a1WpggG,2
a0Nvy6d,2
amvqOEo,2
aGdKLQ6,2
arV1L55,2
a5Wp4gE,2
aD4R2Vx,3
a9njR4Z,2
a9nj4MZ,2
aXgZO2v,2
aVwj2bv,2
aoPmeAA,2
a3wvKB8,2
a5Wp38O,2
a43pxPv,2
aQd6z27,2
aO7oADD,2
aK74QRZ,2
aEPdEWM,2
a3wvXNN,2
a2RQQ8d,2
ayeE1Mp,2
a3wvr4m,2
agArAXv,2
a8GdOYQ,3
apGKQMM,2
a6KrPqA,2
aWxBBvq,3
aGdKXzK,2
aR76yM5,2
a0Nvy8X,2
azm7Q0m,2
aO7oOXy,3
abG3erO,2
azm74EK,2
aj9QvRG,2
aNgmoDb,2
aK74yEO,2
aP76nZP,2
azm7roq,2
ax9EDxK,2
aGdKQO5,2
aeDKnwO,2
a2WE6eZ,2
adVyzA2,2
adVyYKV,2
arV10y5,2
aMxev0P,2
an4ew1L,2
aO7o586,2
a9njZ3W,3
aP7671P,2
an4ej95,2
apGK4dE,2
aMxeoP1,2
a7Wvbrz,3
aeDKWnp,2
aqn4wjQ,2
aZyqV4W,2
aQd6DEK,2
agArew1,2
aWxB6dK,2
aYyj4R2,3
a7Wvg52,2
aqn4w8Z,2
apGKwOb,3
aP76zKR,2
apGK7AD,3
aYyjbQq,2
a5WpgLL,2
aD4Ry0N,2
agArzWq,2
a0Nv3ed,2
aR76DY5,2
aBm9MQ1,2
aoPmn1e,2
aBm9vRO,2
a0Nvrmq,2
aO7oN06,2
aO7oMdN,2
a8Gd9ee,2
azm74vb,2
avz29vZ,2
aNgmYK6,2
an4e39B,2
a7WvxE2,2
apGKMj8,2
a9njMgD,3
aVwjxKO,2
ao5BbNX,2
apGKZPE,2
aZyqXq3,2
a1WpwLb,3
aP76zNR,2
avz2XoE,2
avz2mAW,3
aGdKvmG,2
aEPdKjn,2
ayoyg4V,2
aVwj0Av,2
aeDKzWW,3
aeDKYy5,2
aGdK5B5,2
aBm9QoP,2
a2WEjB9,2
aQd64zK,2
a6KrxX2,2
avz2Nob,2
aNgm74G,2
aBm9rqz,2
a6KrbxA,2
a6Kro9b,2
aO7oA0v,2
aeDK8dO,2
aYyjxX0,3
aj9Qerx,3
aj9QLGx,2
aD4ReyN,2
aVwjMov,2
agAr6Qv,2
aQd6Kqq,2
a43p8Xw,3
aVwjR2P,2
azm72Mz,2
a8GdXBV,2
arV1bR7,3
aGdK480,2
a43pwNy,2
amvqyQX,2
abG3d0L,3
aEPdy7G,2
awBNZqD,3
aR76127,2
aVwjpOM,2
azm7W9x,2
an4ewKV,2
arV1XzV,2
aEPdQPo,2
azm7Dpx,2
aZyqnpQ,2
aO7oGW3,2
aQd6ood,2
aWxByb4,2
a7WvAEw,2
aGdKr30,2
aK748YZ,2
amvqO9X,2
amvq402,2
aj9QEXG,2
avz2wYE,2
aMxeW8R,2
avz2NGW,2
an4eP0E,2
aBm9j3P,2
aBm9pxA,2
aD4RP09,2
aD4RPy7,2
a43pxX1,2
aj9Qy60,2
adVyDMM,2
aeDKyXb,1
a8Gdg3d,2
aQd6jPW,2
an4eBOL,3
a2WEmVO,2
a3wvem1,2
aGdK5V7,2
aeDKy6p,2
abG3nXp,2
a5Wp6RN,2
aj9Qj6x,2
agArDOq,3
aYyjQnO,2
avz2mV5,2
aD4RxQN,2
aLw65ZM,2
ax9EeLn,2
awBNv78,2
aEPdE3p,2
an4ewdL,2
ayeEG9b,2
aYyjqyV,2
abG3KDE,3
aWxBeM2,2
a6KrRO2,2
aoPm7Kw,2
aeDKqDp,2
aD4RMW7,2
aVwj9GK,2
aBm9M6Q,2
avz2qQZ,2
aLw6bbz,2
azm7vMm,2
aWxBddn,2
aVwjKgd,2
aLw6j2v,2
aP76zyn,2
aR76d47,2
a43pVZ1,2
arV1Eyd,2
amvqwW6,2
arV1wp6,2
agArW01,2
ax9E5ep,2
am5DjQj,3
a8GdpLV,2
aVwjpwy,2
azm7Wjp,3
a43pnvA,2
a2WEqnZ,2
ax9EQxK,2
ax9En8b,2
amvq7qv,3
arV1VxX,2
arV1Emy,2
ae5XovO,2
a6KrB0L,2
abG38Rr,2
a9njZeL,3
apGK8bM,2
aP76VRB,2
aoPmw1x,2
ax9EQ2D,2
aP762WB,2
awBNEYr,2
a9njw5m,2
ao5BrKX,2
aD4R59x,2
aBm9jpA,2
aVwj4qM,2
aeDKRwQ,2
aZyqP50,2
aBm954P,2
aD4RN4O,2
aD4RrxZ,2
aVwj1Ln,2
a8GdQBY,2
a2WEPKe,2
arV1QrV,2
a0Nvgyv,2
aBm9X8N,2
aD4Rb5x,2
aeDKOWq,2
a0NvxNq,2
a8GdbLp,2
avz2XDX,2
aLw6rQ6,2
aZyqKwQ,2
a3wve9N,2
aAeB8Lp,2
aoPmGwm,2
aBm9BK1,2
a1Wpxo8,3
arV1E5B,2
aNgmGOw,2
aQd65Pr,2
adVyGWZ,2
agAr6p6,2
aLw6NOM,2
awBNjox,2
a3wvvA3,2
aBm9myx,2
a0NvD5L,2
agArryv,2
a3wvwDN,2
aK74pVg,2
aMxey2W,2
adVyrQQ,2
ax9ER6b,3
aEPdqDn,2
awBNxO1,2
aZyqr33,2
aj9Q9A8,3
a1WpQBv,2
aR76yG7,2
a9njjoL,2
aK74y66,2
aBm95xO,2
a3wvr9m,2
aLw6bev,2
aR76q7A,2
arV19K5,2
aoPmpBn,2
aZyqop3,2
a1Wpq8w,2
aGdK7Z0,2
aD4RVQd,2
a9nj07L,2
adVyD2d,2
amvqQbd,3
aBm9jZZ,3
a8Gd0y1,2
a3wvxLN,2
aWxB066,2
aGdKNZZ,2
a0NvGzv,2
arV1Ex5,2
ax9EnMM,2
aVwjyZK,2
azm7n8Z,2
a0Nvw3Z,2
ax9Eqdb,2
a6KrVDe,2
a9njDwL,2
azm7WXx,2
aqn41wM,2
aLw6OZv,2
aD4R2nN,2
ax9Em8n,2
a2WENKw,2
aQd6L08,2
aBm9LND,2
amvqKA2,2
arV1Qyd,2
aD4RNPx,3
amvqKz9,2
a0NvYMX,3
avz2AeO,3
arV1DWp,2
a5Wp9xy,2
aGdKdrK,2
aR76ywj,2
aD4RGzx,2
aNgm88G,2
awBNnzQ,2
aNgmbvb,3
aGdKNzG,2
a0NvbMX,2
azm7VDj,2
aWxBN9d,2
aXgZX9D,2
ayeEEz8,2
a8GdQy3,2
agArznW,2
azm7nbK,2
aVwjxxK,2
a1Wpnz2,2
aK748nO,2
aP762AQ,2
a3wve3v,2
aZyq7Nz,2
aVwj93d,2
aBm9A9Q,2
a0NvQxq,2
aLw66qW,2
aqn401v,2
aO7oAXN,2
ax9EZzW,2
aoPm730,3
aNgmqg6,2
aQd6mrr,2
aZyqrzp,2
aMxeWrV,2
aGdKmZZ,3
aMxeLXR,2
amvqv5y,2
aMxe7WM,3
a2WEXRp,2
agAr6Pw,2
avz2mvE,2
aVwj9Qy,2
aBm9rwZ,2
agArDZx,2
aP76YVn,3
ayeEKLy,2
aGdK6jn,2
aXgZzDg,3
avz2XBb,2
a7WvRdz,3
adVyD5N,3
aeDKnMO,2
aV0GGOP,2
agArZvr,2
an4eVbz,2
aYyjZLm,2
aK74LY1,2
aqn4gZQ,2
aoPmnb0,2
adVy1jV,2
an4eZzo,2
a7WvyBm,2
a8Gdnee,2
aeDKdjv,2
a3wvdYe,2
aeDKPeb,2
a9njBem,2
aLw6Np6,1
aK74LVW,3
an4eVQL,2
aD4RmXZ,2
a43pmg6,2
avz2BGd,2
amvqZ3o,2
aqn4pyj,2
an4e7Kn,3
azm7Dop,2
a43pW2v,2
aQd64oe,2
ae5XXZq,2
awBNG7r,2
aWxBGE3,2
aqn4DVR,2
aroP6B5,2
aD4RN7G,2
aD4RrWx,2
adVyWRQ,3
aVwjyYP,2
a7Wvmeb,2
aeDK09W,2
aO7o5dM,2
a9njGe0,2
arV1zE6,2
aLw6EEv,2
aNgmjXG,2
aEPdoR9,2
an4eZwq,2
arV1EPd,2
amvqQ5y,2
aNgm7p3,2
aGdKmbn,2
aMxejoG,2
a2WE43w,2
a9njNML,2
ayeEr5r,2
aeDKqrB,2
a8Gd6R3,2
azm7D3j,2
arV105y,2
a8GdQKp,2
aBm95dZ,2
a0NvWRv,2
aK745Z3,2
aQd6eed,3
azm7Qrq,2
a3wvzgv,2
aqn4wVp,2
an4ePgV,2
aMxeorM,3
a1Wpy7v,2
a7WvRwm,2
aEPdKge,2
aQd6WQ7,2
aeDKz2p,2
aK74MX6,2
aK745wg,2
aR769YG,2
aqn4poM,2
aqn4PYp,2
aR764LG,3
aGdKQe7,2
aYyjdYq,2
aZyqoD0,2
aNgmELG,2
ax9Er2Y,2
aYyj3PV,2
aGdKOWG,2
aNgm8Y0,2
a2WEGDe,2
aj9QpDG,2
an4eomb,2
aR76AjG,2
azm7Dmx,2
adVyjPM,2
a0RmmjZ,2
adVyM49,3
aAeBvQ0,2
aYyjdVw,2
adVydgV,2
a5WpEZN,2
aQd6ynw,2
aXgZKp6,2
a5WpvwV,2
an4ewxB,2
aEPdbzN,2
aVwj1YO,2
aBm9A4O,2
aD4RKPZ,2
avz2XEd,2
aWxBAdA,3
a5Wp9VE,2
aO7o5nM,2
a6Kr3o8,2
aj9Qz90,2
a8GdZ2p,1
a2WEjv9,2
abG3ooX,2
aAeBqxg,2
aWxB5qK,2
a9njw3j,2
a7WvP8A,2
azm7z6z,2
azm7nXp,3
a9njZKD,2
aZyqXm0,3
aNgm3Zw,2
arV1rG7,2
an4em7B,2
a6Kr3yR,2
a8GdVBO,3
aqn4OPP,2
aVwjpVM,2
adVyRGB,2
aP76dDV,2
aLw6b4W,1
aXgZGe6,2
a8GdNb3,2
ayeErAY,2
a3wvDLm,2
aK74nvW,2
aqn4odM,2
an4emLo,3
aGdKoEz,2
aLw6xBv,2
aAeBLro,2
adVyDZ2,3
a43px4p,2
aZyq5o3,3
a8GdQ3e,2
aeDKwj5,2
a2WEg5O,2
aQd6Kge,2
aVwjdew,2
a43p0QZ,2
aNgm5Xr,2
aGdKbvz,2
aeDKyZq,3
aD4Rr0G,2
avz2PXX,2
aEPdzoO,2
a8GdQ6V,2
aeDKeMb,2
aXgZG22,3
aEPdjoM,2
agAr666,2
a8GdvAO,2
aQd63eK,2
ax9EQDn,2
a1Wp6o2,3
abG3mPr,2
a5WpeYy,2
aD4R5nO,3
aBm9bE1,2
a3wvn01,2
a8GdQzQ,2
aQd6BLq,3
apGKnRE,2
an4ePvn,2
amvq46d,2
aqn4PVQ,2
aoPmXLA,2
aD4RyMB,2
a1WpBq2,2
adVyGmM,2
abG37z9,2
a5Wp5Ag,2
abG3Lrv,2
a6Krzpq,2
a9nj4Pj,2
aWxBpmK,3
a2WEXY9,2
a3wvpD1,3
a6KrLYe,2
aQd6AG2,2
abG3omL,2
a8Gd9yZ,2
aZyq5Dz,2
a9njNG6,2
aXgZGjD,2
avz2N0d,2
amvqKn4,2
an4eVR0,2
aBm9NyD,2
awBNDMQ,2
ax9EqEb,3
apGK41W,2
an4ewo0,2
aqn4ENj,2
a6Kr32N,2
a43pmLv,2
aGdK7m6,2
azm7WPz,2
amvqRO9,2
aYyjB8V,2
aVwj9vK,2
aeDKdA5,2
aoPmOOg,2
a43pxDw,2
aO7oLm6,3
aGdKrYG,2
aeDKLbQ,2
aNgmMzb,2
aZyqvpn,2
aQd6nZK,2
avz2Med,2
amvqqbX,2
aR76yYA,2
a1Wpq9D,2
aBm9MPO,3
aoPmG02,2
aP76vdV,2
aO7oOm6,2
aO7oZqv,2
ayeEm6Y,2
aAeB9n9,2
aNgmMy6,2
aK74Dyb,2
a3wv6Ze,2
aVwj68v,2
a1WpB0D,2
a6KreON,2
abG3E3L,2
a0NvyPz,3
a9njgzL,2
aZyqKr9,2
aBm9ALz,2
agArD6x,2
a9nj4zo,2
abG3KjL,2
arV1Lx7,2
aAeB969,3
amvqORy,2
aAeBOe0,2
arV1r0V,2
aeDKd5j,2
a9njw9j,2
aWxBXxd,2
a8GdQrY,2
a43pONm,2
aoPmexn,2
aR76qW2,2
a3wvp2Q,2
aD4Rdjx,2
abG3LWO,2
a2WE98w,2
aeDKnpW,2
a1WpeNP,3
aBm93q2,2
aO7oWB3,2
amvqOzv,2
azm7WQZ,2
aEPdQje,2
aEPdQ1M,2
a5Wp4Xr,2
a6Kr8x9,2
aeDKqRq,2
aR76WR5,2
aD4Rq97,2
a8GdNoY,3
a0NvNnO,2
aVwjdAP,2
aD4RKLw,2
a7Wvnxx,3
ayeEbPp,2
a7WvPWb,2
a8GdOZY,2
arV1zry,2
aEPdNEO,2
aoPmQng,2
aWxBe7q,2
aBm9gzD,2
aK7493Z,2
aGdKz75,2
aYyjm6w,2
aqn4p4L,3
aD4RLww,2
aXgZ6Yz,2
aoPmQgm,2
aLw67qv,2
arV1Qzp,2
a2WE3Ae,2
abG3oev,2
aR76nRB,2
aP76g4Q,2
aO7oA26,3
a3wv0vr,3
aAeB7Y9,2
aVwjdbv,2
avz2MgX,2
aeDKRzp,2
agArdXK,2
a8GdzjZ,2
a2WEGXD,3
avz2NPn,2
aMxeqgG,2
aD4R0YO,2
ax9EqPb,2
aMxeq3G,3
aEPd3EG,2
azm7vmb,3
aYyjBB7,2
aqn4MwM,2
ax9EWqK,3
aLw6rMA,3
amvqQov,2
aAeB7P0,2
abG3m09,2
aAeBNmg,2
ayeEbWX,2
avz24GW,2
avz24rn,2
aZyq2WW,2
aEPd5bO,2
awBN2eQ,2
arV1zNd,1
an4eEeq,2
a3wvGo7,2
aQd6MOW,3
awBNm4W,2
aXgZ28b,2
a8GdnMY,2
aqn4DBL,2
abG3K2B,1
aR76GeQ,2
aAeBNGo,2
aroPPN5,2
a0NvxXO,2
aP766Vg,2
amvqnN6,3
aj9QQ2G,2
a1WpROG,2
aeDKPxB,2
aBm9zBZ,2
a0NvyOz,2
aK74n9W,2
aWxBzYq,2
a2WEx8p,2
abG3DzO,2
aoPmwm3,2
aLw6bv5,2
arV15ny,2
aD4RD0K,2
a0Nvx2L,2
azm7QQB,2
aGdKQL6,2
a7Wv69L,2
a43pr96,3
aXgZ38z,2
avz2jnd,2
a6KrRoN,2
arV17OK,2
a3wvDW1,2
aBm9Az1,2
aAeBjrL,2
avz2M0W,2
azm736p,2
aVwjB3v,2
azm7Wqj,2
avz2MAZ,2
a7Wvn7L,2
a2WEYQY,2
a3wvPEe,2
aEPd9px,2
an4eV5V,2
aK74Njb,2
a0RmAKX,2
aGdKr0z,2
apGKj2b,1
a8Gdg8Q,2
a1WpgyD,2
aAeBqOE,2
a1R4z4D,2
a6KrxZN,2
aMxeWK6,2
an4egp0,2
ayeEmLy,2
aqn4wyM,2
an4eKEq,2
aD4RNDO,2
azm77Gp,2
aO7oO12,2
aZyq500,2
a0NvgDX,2
a5Wp3zL,2
ayeEbXb,2
aj9QG7w,2
a8GdxZQ,2
aNgm5jA,2
aWxBN3A,3
a9nj0D0,2
aWxBdL4,2
a43pmDQ,2
aK74qzQ,3
a7Wvnpe,2
avz2Bpq,2
a6Kr0P9,2
a1Wpyob,2
an4eWdn,2
apGKn2p,2
aqn4A1P,3
a5WpAvr,2
a0Nvg8O,2
aAeBzjE,2
a9njyBD,2
aBm9zjA,2
abG3EKB,2
amvqq0y,2
a9njBxL,2
avz2q7O,2
avz2VYM,3
aBm9BwN,2
a0NvxKn,2
aQd6Kpd,2
amvqnyv,2
a6KrpwL,3
a6Kr3Pb,3
adVyMxB,2
ayeEAxq,2
a9njB5o,2
a8GdnrQ,2
a2WEVYe,2
aMxeMnM,2
aGdKmM7,2
adVyrXD,2
amvqKRV,2
a9njwXL,2
aoPm7xn,2
a7WvYvw,3
aMxeoNG,2
agArWK1,2
aNgmGPr,2
aGdKXj6,2
a5Wpv2L,2
aWxB8KK,3
aEPdbne,2
a9njerZ,2
aO7oA72,2
a1WpgP8,2
a1WpjX6,3
azm7yDZ,2
a1WpqwY,2
aAeBLzR,3
aqn4Pzp,3
a8GdzmO,2
a5WpAYL,3
arV199X,2
agArKb6,2
apGK40E,2
aYyjm9m,2
aAeBmER,2
a3wvO43,2
aMxeoMR,2
aD4RPE7,2
aMxeK7M,2
aLw6NrW,2
aXgZGYD,2
aZyqomQ,2
aVwjpYw,2
avz2q4b,2
avz24QO,2
aAeB76R,3
aXgZdnb,3
aj9QRMq,2
aD4RMjG,2
ax9E4Mn,2
a1WpxLP,2
a3wvXVQ,2
a8GdXoY,2
aZyqXoW,2
ayeEzPY,2
apGKV3M,3
aP761DV,2
a6Krx4A,2
a1WpBQP,2
aBm9pLD,3
a8GdvE3,2
aMxeDb6,2
abG3ddO,2
a9njobm,2
aXgZGvd,2
aNgmbXA,2
aoPmvme,2
aeDKnDq,2
aLw6nwg,2
aWxBzW6,2
aoPmjY0,2
aGdK57z,2
abG3njv,2
aVwjxbK,2
aqn4DEv,2
aVwj5xO,2
abG3dV8,2
aVwjmXM,2
aD4RNr9,2
aR76p0y,2
aYyjnMV,2
a6Kr42e,3
azm7EdZ,2
awBNP1y,2
aO7onNE,2
a43pr7Q,2
aoPmdRx,2
aGdKqv5,2
ax9EeMp,2
a2RQQdD,3
aXgZB0b,2
azm7yeN,2
a7Wv89m,2
aNgm3ow,3
a5WpxbV,2
amvqbKj,2
agArp9q,2
a2WEx5d,2
a1Wpq3b,2
amvqOLy,2
aBm9Mdz,2
an4e3OL,2
amvqQX9,2
aXgZ6wv,2
avz2KOZ,3
awBNEDW,2
a7WvQm2,2
arV1r15,2
aEPdje9,2
aLw631P,2
a3wvnA1,3
azm7WZb,2
aAeBVAg,2
aoPmDj2,2
a8GdNm6,2
aZyqdD9,2
arV1QB0,2
ax9Er8D,2
abG3o2p,2
aeDKyQb,2
aR76Nr7,2
a43pV9y,2
agArZzv,2
aK74Kbb,2
aeDKw4O,2
avz2MQ5,3
avz2BRE,3
aQd6Bdq,2
aZyqYNn,2
aWxBjmK,2
a9njN80,2
a3wvp0v,2
aZyq63z,2
a1WpmvY,2
aD4RvwK,2
aEPdjpO,2
aXgZdwD,2
a8GdN7p,2
aGdKqK6,2
a1WpyeP,2
ax9EQPL,2
amvqwXV,3
aQd6N5d,2
aZyqXWQ,2
aYyjrd0,3
aD4ReV9,2
abG3mBb,2
abG3mpp,2
aZyqYVn,2
aNgm24v,2
ax9EnD1,3
aYyjXPx,2
aQd69N2,2
aoPmGEX,2
a7Wvng2,3
aAeB5Eo,2
adVywzB,2
a3wveZN,2
azm7yRb,2
aP763ZQ,2
a6Kr3nm,3
ax9E4GY,2
amvqn9X,2
aGdK5Yw,2
aD4RKAx,2
a8GdgbZ,2
avz2mXZ,2
aVwjr18,2
aO7oAnR,2
aMxeMbV,2
aZyqZmz,2
aqn4V7L,2
a0Nvwxn,2
aVwjdEn,2
a7WvY1r,2
a5WpOBo,3
aeDKBKO,3
aQd65Vw,2
aEPdbvn,2
avz2KEX,2
aQd6BPz,2
aVwj5DM,2
a1WpZWP,2
azm7VZZ,2
aEPdEBK,2
aR76Dby,2
aGdKoqG,2
amvqbL9,2
avz2B0q,2
aVwj8gn,2
a43p0X6,2
amvq4Bv,2
abG3nAv,2
aVwjyoM,2
aAeB8P9,2
an4e6z5,2
aZyqeoQ,3
aR76npM,2
aO7oNBN,2
arV1rKp,2
aBm9LBP,2
aD4RKP9,2
avz2MNZ,2
a9njoGo,2
arV1DAV,2
adVyDnB,2
aAeB8N9,2
ayeEjL8,2
aGdKrn6,2
aP76zwg,2
a9njemD,2
abG3w4r,2
a8GdgKZ,2
a1Wpx8b,2
a9njoKo,2
ax9EnYn,2
azm7B6z,2
ayeEV1X,2
aAeBLbg,2
aeDKL7m,2
a3wvOpe,2
aWxBNYA,2
aK74NQj,2
aeDKzLq,2
apGK7Xb,2
awBNWR1,2
aP7628G,2
aP76zBP,2
a0NvWen,2
aMxeMjP,2
aMxe2zX,2
amvqbZ2,2
a9njBPj,2
aD4RrEw,2
an4ewgq,2
adVyzPB,2
aVwjK8w,2
amvqbzd,2
aD4R9N9,2
an4eovq,2
avz2mxO,2
an4e0q5,2
a2WEpEE,3
aGdKoG0,2
aVwj5g2,2
adVy2mN,3
ayeEV0r,2
a9njwK6,2
azm7pdm,2
aBm9j71,2
aoPmqen,1
aAeBGpd,2
aMxe0xx,2
aD4RvOO,2
awBNwBW,2
ax9EAvn,2
a8GdRV3,2
agAr9Yw,2
aGdKoYn,2
aK74y7g,2
aoPm6ng,2
ayeEvPy,2
azm7WGz,2
agArKDn,2
aj9Qp0q,2
aoPmq0x,2
aP760NK,2
aD4RqKB,2
a9njVNW,2
aVwjBLw,2
aLw6OD5,2
a9njDw1,2
aLw6Od6,2
a5WpMgG,2
amvqOOV,2
an4edZE,2
a1WpB58,2
a9njB8W,2
a7WvAZe,2
aAeB8Qd,2
a6Kr0Ze,2
aO7oM4y,3
a1Wp9x6,2
aQd6GB7,2
aBm9bRZ,2
arV10r7,2
aYyj6XN,2
avz2D8Z,2
aoPm6e3,2
a8GdN06,2
azm79Dq,2
aWxBz06,2
a6Krebm,2
aYyj64v,2
a7WvY9w,2
azm7OnZ,2
a8GdvRd,2
aeDKB9v,2
azm7nEz,2
a43p0Bw,2
aj9Qr2g,2
a9nj82m,2
arV1DKd,2
an4e0jV,2
aYyjd67,2
aMxeWNW,2
avz2jLZ,2
aqn4P7M,2
a9njZno,2
adVydW9,3
abG3m1B,2
aj9Qjvg,2
aBm9NMA,2
aP76GBq,2
a5WpDYG,2
avz24DM,2
a5WpyRr,2
a0NvGqn,3
aGdK66X,2
an4emnV,2
a5WpAjq,2
a3wvzOQ,2
aVwjyj8,3
a9njxqK,2
aBm9Gzx,2
abG3oXp,2
a6KrzRe,3
aYyj5WV,3
a9njgv1,2
aeDKLMW,1
a2WEeAY,2
a9nj0NL,3
aNgmZ0v,2
aBm9jeO,2
a43pmAd,2
a1Wpnj8,2
ax9Ewr1,2
aO7oGXM,2
a43pxMv,2
arV10Ld,2
aWxB5vx,2
aXgZPW6,2
a2WEA9E,3
abG3NVr,2
aMxeqD1,2
aGdKb9Z,2
aQd6y0q,2
aLw6pR5,2
agArrZK,2
a43pXq6,2
awBNDKW,2
aqn4Pjj,2
avz2LgO,3
ax9EAGK,2
aWxB9M2,2
an4e8RE,2
aAeB7R9,2
aj9Qvm0,2
aVwjAVd,3
aD4RMPK,2
aK745Gj,2
avz2XAq,2
ax9EAKM,2
apGK46p,2
aZyq819,2
a0NvzjO,2
aR76qj2,2
a8Gdz9p,2
aO7oAby,2
azm7oWp,2
a8GdgrO,2
a6KrYyA,2
aAeB8Rg,1
aqn4POQ,3
a7WvQvm,1
aO7oMRM,2
aK74R6b,1
aYyj9XO,2
a9njo96,2
a8GdZEY,2
aR76yd2,2
aXgZdzv,2
adVywgZ,2
avz2MZW,2
aR768wQ,2
a43pyb6,2
ax9EAwY,1
a43py9v,2
a9njxEj,2
awBN2my,2
aeDKewO,3
aVwj9Xy,2
avz2qoq,2
aO7oOov,2
avz2NQE,2
a0NvgVL,2
a9njVRK,2
a9njo8j,2
aR76nwA,2
aR76GM5,3
a1Wpg6b,2
an4edr0,2
an4eZLo,2
aeDKRmj,2
aBm9jVN,2
aZyqK7n,2
awBNjDW,3
aGdKwyn,2
amvqKwd,2
an4e8EB,2
aMxeopP,2
aZyq5Zz,2
aoPm7W0,2
aVwjpxy,2
a7WvADm,2
aD4RP2N,2
aMxey3X,2
aR767NM,3
ax9EebK,2
agArzNv,2
aD4Red7,2
aoPmQPA,2
aLw6ZMz,2
aqn4PDv,2
aj9QzVR,3
aBm9AAD,2
agArWyq,2
aR76n47,2
abG37KE,2
aBm95YQ,2
aXgZ1nD,2
aMxeW5A,2
a6KreZL,2
aXgZzXD,2
aQd6NGW,2
aeDKEwj,2
agArdeK,2
aEPdNbn,2
a8GdgWV,2
aK74QL1,2
avz2jEO,2
aeDKdBj,2
aLw6NQW,2
aAeBZGR,2
a8Gdn7Q,2
an4ePV5,2
aK74RO6,2
aEPdm7e,2
aWxB9Nx,2
aj9QdR8,2
a5Wpxmo,2
arV1rgB,2
aAeBNoo,2
adVyzNQ,2
a7WvnX2,2
apGK4N9,2
aD4R5NB,2
a1WpnP2,2
azm7w5x,2
azm7nbz,2
azm7n7K,2
a7WvOjb,2
aD4RNDK,2
aO7oN93,2
aoPm653,2
awBNOxQ,2
an4e94b,2
a3wvxyr,3
avz2DNd,2
a7WvGjL,2
aD4RNyO,2
aLw6O6V,2
a9njeGj,2
a8GdNGV,2
aGdKvvK,2
aZyqOG9,2
aXgZ6XD,3
a2WE3e9,3
a43pXZQ,2
aVwjAdn,2
aoPmXde,2
aWxBrMq,2
aMxe70G,2
azm7QVN,2
a7WvPnm,2
an4eWqL,2
aNgmRzw,2
aoPmxjA,2
aXgZm62,2
arV1D9d,2
aXgZ3Nb,2
aAeB7jE,2
amvqdwX,2
aEPdyYO,2
amvqdVj,2
adVyAdB,2
aoPmqEe,2
aLw6rgP,2
a43prd6,2
aWxBd5x,2
apGKdw9,2
aj9Qj71,3
aD4RKzw,2
a0NvwrO,2
aqn4oLZ,2
ax9EnZp,2
aP76zPq,2
apGKjVn,2
a1Wpx72,2
aMxeLj1,2
aVwj49n,2
aj9QwBg,2
aoPmoLe,2
aO7oL7y,2
aVwj8ry,2
aGdK646,2
a8GdOv3,2
aEPdyBO,2
a6KreVm,3
agArpw1,2
adVyRWD,2
aYyjGqw,2
aVwjLPy,2
abG3N3v,2
azm7wPB,3
a9njgyL,2
aoPmQye,2
aXgZ6M6,2
an4eP4z,2
aBm9AoO,2
aNgm784,2
aj9Qze0,2
a8GdRrp,3
aP76zeG,3
aVwjpzM,2
aoPmdMA,2
awBNGPB,2
an4edwo,3
aBm9Nr2,2
avz2V5d,2
aO7obpr,2
a1WpgKG,2
arV1ddB,2
apGKdvM,3
aAeB7GE,2
a0NvqNX,2
a1Wp6PP,3
aYyj3V0,2
aNgmNOA,3
aVwjz9w,3
aBm9bLA,2
aVwjdq2,3
awBN9qB,2
aqn4Bn7,2
aP760Rg,2
a8GdXD6,2
aLw6VwM,2
aVwj9bK,2
aqn4P4R,2
a0Nvx8d,2
aMxe58X,2
aYyjXGm,3
a2WEO61,2
adVybz2,2
abG3NE9,2
aAeBqop,2
aVwj6O2,2
aeDKBP5,2
aP76pGR,2
aBm9MjN,2
azm7ynN,2
aD4RML7,2
aqn4V2j,3
awBNPoB,2
a9njBK0,2
aK74p8b,2
aeDKP8O,1
a2WEArZ,1
a8GdgQ6,2
ayeEjBV,2
ax9ELNp,2
awBNE7B,1
aeDKL6Q,2
aEPd3Y9,2
ayeEZDr,2
aEPdbPK,2
a0NvDpq,2
ax9E80Y,2
a3wvpe3,2
aeDKBNq,2
aqn4BdL,2
aBm9ooN,2
avz2BVd,2
avz2D6n,2
avz2Xzq,2
amvqe8j,2
aWxBPR3,2
aZ799X3,3
aoPmqQn,2
an4eZYb,2
ayeEmXX,2
a9njNpW,2
a8GdWoY,2
aBm91Nz,2
aeDKPBO,2
aAeBqDg,2
azm7wrm,2
aYyjmOO,2
aNgmNZv,2
ax9EQ5b,3
awBNv2Q,3
aQd6VE7,1
an4edRL,2
aO7oMv2,2
a5WpOWV,2
aXgZexb,2
aGdKNpG,2
aeDKPGW,2
aEPd5Pn,2
ax9En4p,2
aMxeo8V,2
avz2DxW,2
aEPdEdN,2
aP762oG,3
a2WE61D,2
aQd6bp7,2
adVyrDB,2
aeDKzeb,2
aZyqVMX,2
awBNDDy,2
aNgmEKK,3
aGdK4LX,2
aBm9BGA,2
aBm9BBx,2
a43pXYp,2
a2WE3Ww,2
avz2MeM,3
aeDKnvj,2
amvq304,2
aO7owBv,2
aAeBjQZ,2
amvq3Ko,2
a6KrP6L,2
aNgm724,2
a43py21,2
aoPmqwg,2
a7WvAz2,2
aAeBZzL,2
aGdKoXz,1
a0NvG9X,1
aO7oGZ2,2
aeDKnxp,2
aO7ovPE,2
agArzqg,2
aD4RrAG,2
a7WvA9q,2
a3wv6Wr,2
abG3dAb,2
a5Wpy9q,3
apGKwqW,2
a9nj4oL,2
a6Krz1m,2
aQd6bzz,2
aP76zLP,3
ayeEAnb,2
a43pyWw,2
aGdKbW0,2
aWxB3G6,3
aAeBzQR,2
a0NvNEB,2
aqn4AzM,2
aLw61Xz,2
aeDK45b,2
azm7D4m,2
ax9EQjW,2
aoPm8X3,2
aoPmXMg,2
a85rrZe,3
aNgmX53,3
a6Krxdq,2
avz2XLW,2
a0Nvw7O,2
aqn4pvj,2
an4eGPn,2
azm7DQm,2
aD4RK8N,2
a3wvnRQ,2
aqn4BvM,2
amvqbx4,2
a3wvnKv,2
avz2Vz5,2
a5Wp0vV,2
a1WpwVG,2
ayeEAA8,2
aYyjXNO,2
aMxeoGG,3
aoPmv90,2
aAeB8x0,2
aoPmQ5A,2
aYyj3ZO,2
a1Wp9AR,2
aD4Ry07,2
aVwjpEv,3
avz2NnW,2
a7WvQ3b,3
aYyj9YO,2
aR76n95,2
aj9Qp48,2
a8GdZxO,2
aBm9pp1,3
an4e8bb,2
ax9EAD2,2
aGdKQDz,2
a6Krzy8,2
aBm9NXQ,2
a43pOvv,2
aBm9MmP,2
a5Wp3KG,2
a0NvDLn,2
a3wvnvm,2
aR76qwM,3
aBm9b72,2
aXgZGPV,2
aXgZB7z,2
azm73mb,2
aWxBAmZ,2
adVyd6d,2
aoPmqmm,2
aR76ngB,2
aqn4o8p,1
apGKXq5,3
aVwj8YP,2
aMxeNQM,2
avz2BjM,2
aVwjp8O,2
ayeEjby,2
arV1950,2
a3wvO0N,2
a43pBKy,2
a8GdX6p,2
aNgm8N4,2
aZyqKR0,2
aD4R5Bd,3
avz2KXE,2
a8GdRLd,3
abG3NpO,2
aVwjp02,2
aBm9AvO,2
aAeBjD2,2
an4e6g5,2
a8Gd40V,2
aVwjy28,2
aVwjp7y,2
aNgmGK3,2
aD4Ryx9,2
aP76dAG,2
aVwj8RO,2
a3wvXAr,2
amvq31y,2
an4eo4b,2
aZyqX4W,2
aR76RNB,2
aj9Qv90,2
apGKV7n,2
aVwjmww,2
a7WvPZw,2
azm7vEN,2
a3wv2wQ,2
a3wvxem,2
a3wvpZ5,2
awBNDNB,3
aXgZzYz,1
aMxeMrW,1
aGdK4EX,2
aP76bmP,2
aWxBrWK,1
aP7659V,2
aYyj9v2,2
a9njoNL,2
aZyqKPW,2
azm7zXN,3
a9njozZ,2
adVydzM,2
avz2wdd,2
a7WvgYz,2
aAeBzxd,2
aBm9BMD,2
avz2DAd,2
a3wvr8e,2
awBNpDQ,2
a7WvmxL,2
apGK7Qb,2
agArbBq,2
a6KrR0R,2
a1WpyYP,2
aYyjX6q,2
an4e6ez,2
azm7DmB,2
aqn4E5Y,2
a43pB3Z,2
aAeBAyd,2
aBm9N51,2
a5WpvDo,2
a5WpvBV,2
aNgmbew,2
a1Wp32w,2
aWxB3vK,3
awBNWj8,2
aeDKnRQ,2
a9njo7L,2
arV1YLV,2
apGKj99,2
aGdKrE0,2
adVydr9,2
amvq4W9,2
amvq4Oy,2
aQd6W7K,2
aD4Re6x,2
arV1rrp,2
aBm9oKN,2
aeDKqQQ,3
aQd6B3K,2
aBm9vP2,3
azm7B1q,2
aLw6N5z,2
an4e3gz,2
avz243O,2
amvqyqd,2
adVy47d,2
abG3L68,2
aqn4MbQ,2
aD4RM2Z,2
a3wvrr3,2
aXgZ6ZP,2
avz2KZO,2
aEPdmDn,2
a1Wp3Lw,2
an4emXn,2
aK74orO,1
agArDLw,2
awBNWPy,1
a8GdRpY,1
aoPmv2g,2
a8GdRVe,2
aNgm730,2
aD4RK5d,2
aWxB38Z,2
aQd6LG8,3
aVwjAqK,2
avz2NgM,2
a43pvrZ,2
ayeEGmr,2
a0NvBqd,1
aR76ndj,2
aP76Eqq,1
agArDDg,2
aNgm2W0,2
a8GdxKY,2
ax9EeXp,2
azm73xZ,2
aP76pQV,2
aGdK6PK,2
arV17vV,2
aO7ojKv,2
aAeBmAo,2
a0NvqKd,2
aEPdNN9,2
a5WpD3o,1
aLw6ryW,2
aqn4pej,2
aD4RdPB,2
aAeBjbp,2
abG3NWb,2
arV1Oq7,2
a43pXNv,3
aEPd3vK,2
aeDKw6p,2
aMxeW1G,2
a9nj46o,1
arV1D17,2
a0NvyXB,2
aP76Egg,2
aP765zP,2
a8GdeLZ,2
aR76bX2,2
aqn4oVZ,2
aBm9AEQ,2
a8GdVz6,3
aO7opMv,2
aBm9zpD,3
abG3n5O,2
aeDK8nm,2
abG3NnX,2
a6KrP4R,2
a6KrP32,2
aAeBjz9,2
aZyqvjz,2
ayeEzjV,2
azm7wmp,2
awBNWQ8,2
aqn4P3Y,2
adVybxZ,2
aP76qzn,2
aVwj172,2
aYyj39q,2
aVwj5dn,2
an4ePQV,2
arV17m5,2
aBm9BVO,2
aGdK44w,2
aBm9AmN,3
aMxeoXX,2
aR76bdQ,3
aeDKngj,2
ayeEbzp,2
aMxegDX,2
aEPd34n,3
aD4Ry9Z,2
apGKnXW,2
aAeB8EL,2
a1Wp67w,2
aP76VGG,2
a0NvrZn,2
a8GdRvY,2
aZyqOYn,1
aoPmvwn,2
aQd6D62,2
ayeEzWr,2
aGdKo37,2
aD4RN87,2
aK74ZXN,2
aZyqoPV,2
a2WE6Mp,2
aR76bxq,2
aGdKmX5,2
aBm9NKQ,2
aGdKb1z,2
aEPdmKx,2
ayeEbnp,2
aQd6Lme,2
aD4RvoG,2
a3wvXD5,1
an4emN0,2
aZyqbbX,2
aP76LRq,3
aEPdbje,2
aqn4BpL,2
aP76zzB,2
arV1QPd,2
aeDKLOj,2
avz2NR5,2
azm7Wgm,2
aeDKE0b,2
a0NvgEO,2
aXgZ682,2
aeDK84p,2
aO7ow3N,2
azm7o8m,2
aR7690j,2
ayeEZAr,2
azm7yop,2
aeDKPBb,2
aAeBjBE,2
aeDKd9B,2
aBm9bMP,2
amvqnEo,2
aYyjnbm,2
azm7o2j,2
a2WE9wd,2
a7WvRMe,2
aR76qXA,2
abG3nG8,1
aEPdmMp,2
an4ePmz,2
aP76EMR,3
a9njxPD,2
amvqer2,2
a3wv615,2
agArD81,2
amvqe9j,2
aBm9ANA,2
aR76bNM,2
aAeB850,2
abG3N9r,2
aBm9pKz,2
aeDKLKm,2
aAeB8q9,2
aBm9p1Q,2
aZyq6pW,4
a2WEeo1,2
amvq32d,3
an4e6EB,2
aqn40zP,2
aGdKXq0,1
arV1Yv6,2
ax9E59K,2
a5Wpg8y,2
aoPmGNm,2
aK74NXN,2
aK74Q96,3
aBm9MnP,3
aWxB9VK,2
aO7oL9v,2
aqn4PnZ,2
adVyA8Q,2
aZyqYm9,2
aWxBdmZ,2
amvqbno,2
aR76ne5,2
aNgm8jA,2
aO7onBy,3
aeDKERb,2
aR76bDj,2
an4emw5,2
aWxBP66,2
a5Wp4EO,2
amvqn1d,2
abG38v9,2
ax9E4eL,2
aBm9BzD,2
aeDKnQ5,2
aqn47P7,2
a2WEGZD,2
aAeB710,2
a5Wp0NO,2
aqn4orZ,3
aXgZ6yb,2
arV1Ym7,2
aWxBN1n,2
aYyjngv,2
a2WE9oY,2
aVwjB6d,2
a8GdxyZ,3
aqn4P57,2
a1WpynG,2
aeDKnEb,2
a2WEevd,2
aNgmN2G,2
ax9ELXY,2
awBNDAR,2
ayeEzpM,2
a7WvRjw,2
a2WE649,2
adVyEB9,2
an4e6RE,2
ax9E5K1,2
aoPmXPg,2
awBNEWy,2
an4eW10,2
a9njN0W,2
aWxB523,2
aD4RvB9,2
aWxB3mx,2
an4ePyo,1
aj9Qe21,2
aoPmv3A,2
a1Wp9M6,2
ayeEGMY,2
a43pvqw,2
aGdKXO7,2
a9njo0o,2
aGdKrGK,2
aR76WZA,2
a3wvz51,2
azm7oAb,2
aeDKBAQ,2
a3wvm1m,3
agArwzx,2
azm7W5q,2
aD4RKnN,2
azm7WOb,2
apGKddb,2
aWxB3OA,2
aZyq5qn,2
aj9QzrG,3
a8GdRO1,2
aGdKX56,2
a1Wpg9D,2
aXgZeAz,2
a1WpxN6,2
awBN8Or,2
a1Wpy8G,2
aR76qpq,2
a5Wp0Oo,3
aLw6Z76,2
aoPmXje,3
aeDKLDb,2
aMxegZG,2
aLw6xMW,2
a8GdRdd,2
adVy4e2,2
azm7WRb,2
a8Gd9QV,2
aQd6bR2,2
ayeEjxq,2
aXgZyjv,3
aGdKm87,2
ayeEG7y,2
aVwjpqO,2
amvq3v2,2
azm7nDb,3
agArzLK,2
an4ePzL,2
aBm9A8Z,2
aZyqeP9,3
aGdKm0K,2
adVyd2B,2
avz24OX,2
aeDKn0W,3
aO7oMXD,2
apGKOzn,2
aP76EXP,2
aYyjmK0,2
a7WvG8L,2
aLw6ZnA,2
aLw6Zw6,3
aeDKPpQ,2
aMxeMeG,2
aQd6WPq,2
a8GdxWY,2
aGdK4xG,2
aVwjywv,2
aP76b9G,2
aD4ReMw,2
a2WE6Aw,2
a9njg4Z,3
apGKZZW,2
aGdK44z,3
azm7ppq,3
aD4RK4O,2
aGdKm8z,2
a7WvQbw,1
a7WvQ8z,2
aBm9pEx,2
a43pvxZ,2
aMxegv6,2
aD4Ry5Z,2
aP765bw,2
ayeEGjM,2
a8Gdx0e,2
a6KrPP8,2
an4e6WL,3
aqn4PvY,2
aR76N52,2
adVyG7Z,2
avz24Vn,2
a0NvBjB,2
aQd6BOr,2
aK74QoW,2
aVwjpy2,2
aGdK45w,1
awBNWmr,3
amvqbyj,2
a0NvB3X,3
aZyqO5n,2
aVwj4y8,2
aP76n0n,2
a3wvmnQ,2
aNgmNDK,2
aBm9p5A,2
adVy4Wd,2
a2WEgYY,2
aLw6O7v,2
aj9Qdop,2
azm7p9q,2
a6KrY2q,2
a5WpOyq,2
aD4RyWx,2
a8GdZGY,2
avz2N5O,2
an4e6no,2
aj9QpZp,2
aVwjAPn,2
aGdKXV7,2
agArz3x,2
aLw67og,2
aK74o0O,2
a9njxA6,2
aMxegmA,2
avz2NVX,2
a3wvmO1,2
aYyj9wm,2
aO7owp3,2
a7WvRKq,2
aD4ReWK,2
a0NvyNL,2
aeDK8GO,2
aAeBz29,2
aqn4ooP,2
a2WE319,3
aAeB8jo,2
a0Nvr2n,3
agArW3q,3
a9njodm,3
aR76nVy,2
aVwjAEy,2
aZyq689,2
avz2NdM,2
arV1Ywp,2
aqn40g7,2
a5Wp01G,2
aMxeo6V,2
aP7657R,2
a3wvmer,2
aGdK4yX,2
a3wvX48,3
a9njxRZ,2
aYyj3eO,2
aj9Qp6q,2
aYyj9Oq,3
aj9Qp3G,2
azm7pBx,2
aqn409P,3
aWxB3eZ,3
ax9EL41,2
aGdK4Gn,2
a9nje6L,2
a0NvyvX,2
aK74owN,2
aYyjXyw,3
azm7pMz,2
amvq486,2
aeDK8xW,2
aLw67YP,2
azm7pQj,2
aR76b3Q,2
adVyGgM,2
agArDAg,2
aeDKn2p,2
aLw6Z4P,2
ax9EL5Y,2
aGdKXg6,2
aEPd3PM,2
aeDKLdp,2
a6Kr4WA,2
a9njxBD,2
a6KrxR9,2
aD4Rq1B,2
aD4RKZB,2
amvq4Nj,2
arV1dzB,2
aj9QeD0,2
aWxB3Y2,2
avz2KVZ,2
abG3N2E,2
a9njxVo,2
a7WvYVL,2
aXgZy6v,2
aNgmNgb,2
aj9Qp9x,2
aAeB8A0,2
aLw6ZAv,2
a1Wp3m6,2
a3wvXy3,2
a5Wp0Qg,2
aO7oLb6,2
ayeEjvY,2
a6KrYLA,3
ayeEjXV,2
aBm9ByQ,2
aK74oYN,2
aeDKnVB,3
aBm9BEO,2
aYyj3mx,2
aR76bO5,2
azm7W3x,2
a8GdZd6,2
aVwjAjP,2
aD4RyRG,3
arV1YAy,2
aZyqeEn,2
a2WEexp,2
aYyj9dm,3
aNgmN3v,2
arV1Q9V,2
amvqKW6,2
amvqwro,3
amvq4xd,2
aAeBj7g,2
a6KrYMb,2
aQd6WGw,2
abG3NBv,1
aVwjpGP,2
awBNEz8,2
aGdKmdG,2
amvq3g6,2
a0NvBoQ,2
aD4RyX7,2
aeDKLwW,2
aR76beM,2
aLw6x0M,2
aj9QzLq,2
ayeEG0X,2
avz2Nx5,2
aVwjy6P,4
a2WE6ZE,2
ayeEjAq,2
a2WE6Oe,2
aoPmvon,2
a9njoRo,2
aK74RGj,2
a3wv628,2
aVwjygn,2
arV1Qv0,2
aXgZyW2,3
a0NvBVn,2
a5Wp0gy,2
a6KrPQR,2
aLw6ZDz,2
a9njoYL,2
aP76bww,2
aoPmQ0n,2
aQd6WxW,2
azm7pXq,2
ax9EqWn,2
aj9QeBQ,2
aQd6WAK,2
a8GdxXV,2
aYyjX50,2
a9njgom,2
awBNEND,2
azm7pyN,2
azm7pDB,2
awBNEBy,2
amvqevy,2
aO7oMxE,2
apGK4R8,2
a3wv64e,2
a2WE3Rw,2
ax9ELRn,1
aLw6ZXW,2
azm7WBp,2
aYyj3Bv,3
azm7Wyx,2
a9njx06,2
ax9ELr2,2
aoPmvr3,2
aYyj9Nw,2
aNgmNov,2
aBm9p12,2
aLw6x9W,2
ax9E5ZW,3
aMxegxV,2
a43pv3Q,2
aAeBjGp,2
aMxeg4W,2
a8GdZ71,2
a0NvBXQ,2
aeDKLRB,3
aZyqejV,1
aLw6xOW,2
aXgZB6P,2
aZyqeGz,2
aeDKLvO,2
aBm9peA,2
ax9ELjb,2
aEPd3rN,3
an4e6jn,2
aD4ReX9,2
agArzBq,2
a7WvQVe,2
aGdKmvZ,3
aZyq6zQ,3
aNgm7Vv,3
a6KrYXR,2
an4emB0,2
aVwjp6w,1
aMxeo3A,1
aNgm7YK,2
aP76bpQ,2
azm7nOq,2
aeDK8LB,2
agArDzg,2
aZyqe7W,2
a3wvX77,3
aeDK8bj,2
aLw67dz,2
a9njxzK,2
arV1Yz5,2
a2WE6zO,1
a43pO71,2
aK74oQ6,2
aR76bpQ,3
aBm9A6P,2
a5WpOmL,2
aMxegb1,2
an4e6bb,2
azm7nXZ,3
avz2NeZ,3
a5Wp4zL,2
an4e6Dz,2
a43pvOp,2
aAeBzPZ,2
aXgZBX2,2
abG3npr,2
a0NvyrL,2
aWxBrb4,3
aVwjpdK,2
ayeEGWV,2
aMxegX6,2
aEPd3DK,2
apGK4Pp,2
aP76b3K,2
aD4RKEK,2
a9njg76,2
aBm9BNZ,2
a0Nvygn,3
aeDK8zj,2
aj9QzQ1,2
an4em10,2
aLw6Z9M,2
amvqeG4,2
a3wvm3Q,2
a43pvPy,2
aQd6Gmz,2
ayeEG1V,2
aqn40dR,2
aMxeg7M,2
aBm9B1N,2
agArDgK,2
a43pOnZ,2
aqn4o7Y,3
aLw6ZVM,2
agArWAw,3
agArWxW,2
aD4RKMZ,2
aD4RejO,2
aR76qnA,2
aXgZyNb,2
amvqe1V,3
a9njxzm,2
aLw6xox,2
aQd6Lwz,1
aeDK83b,2
azm7pYj,2
agArWBw,2
aAeBjpR,1
a1Wp3K8,2
aLw67nv,2
aeDK8OQ,1
amvq46o,2
aYyjXdN,2
a7WvRGA,3
ayeEjm8,3
azm7WLZ,2
aP76E3G,2
arV1776,2
aMxeoVP,3
aQd6L7w,1
a9njxNo,3
aNgm7Gb,2
aGdKXKw,2
a9njoEW,2
aP765oG,2
agArWZ6,1
aQd6G2r,3
aK74RZ1,2
aj9QpwQ,2
aWxBzXq,2
a0NvBrz,2
ax9E5zb,1
avz2N1q,2
aWxBr6q,2
aj9QzYG,3
aD4ReA9,1
aR76qOG,2
avz2MpW,3
a8GdRze,1
aAeB88o,1
a5Wp4ZN,3
aVwjAZP,2
aGdK4bK,2
a8Gdxz1,2
a8GdR31,3
aP76b4Q,2
aD4Rey7,2
aeDK8w5,2
aD4RKG9,2
aXgZBEg,2
aBm9pQz,2
adVyDXQ,2
a7WvYdb,2
avz2Mb5,3
ax9ELLM,2
a5Wp03L,2
awBNE5W,2
aP76EoK,2
abG3NQE,2
awBNEvB,2
aoPmvB3,3
arV1Y45,1
arV1Y5p,1
aqn40nQ,2
aGdKX77,2
aEPd3K9,2
aVwjA58,2
aR76nqM,2
avz2Kxb,3
an4emVn,2
a6Kr0Yb,2
aO7oMGv,2
an4eP9B,2
aAeBzyR,2
ayeEbj8,3
a43pXDd,2
aVwjp3w,2
aeDK80b,2
aR76qrB,2
aAeBzvp,2
aAeBz7o,1
aYyjXzm,1
a43pOOw,1
aXgZynz,2
a0Nvr6Z,2
aqn4PXP,1
awBNEP4,2
a5Wp4PG,2
aAeB83Z,2
ax9E56Y,2
aZyqe2V,2
abG378p,1
a43pvzd,2
aVwjAbw,2
aVwjyxd,2
awBNWeW,2
a9njxnZ,3
a9njovj,3
aWxBzLx,3
aNgmNqG,2
aLw6xEM,2
agArWwn,2
a7WvYje,2
aP76bnQ,3
a8GdxLO,2
a43pO3w,2
adVyG1V,2
a0Nvrqv,3
a3wvmEN,2
aAeBzLZ,2
aNgmEQr,2
aBm9AGQ,2
aD4Reod,2
adVyEVZ,2
adVyGVQ,2
aBm9pyN,2
aeDKL1q,2
adVyDRZ,2
ayeEbrb,2
aP76bqg,2
arV1QX5,2
amvqeNo,2
aYyj3dx,2
aj9Qe71,2
a8Gdx03,2
ax9EqRb,2
aVwjydw,2
agArzP1,2
a2WE6Qp,2
agArz2x,3
aEPdmLG,2
a3wv6L3,2
a2WE3q1,2
an4emBn,2
aP76E4V,2
aj9Qzqx,3
aeDKn6v,2
a7WvYqe,2
avz2Mxn,2
a43pXBQ,2
aD4RK9d,2
aD4RKvO,2
aWxBrzx,2
aeDKLjm,3
aD4RyDw,2
a1Wp9rG,2
a5Wp4Mq,2
a43pvoA,2
an4e64q,2
avz2NWq,2
aD4RynK,2
aAeBj6Z,2
a7WvQ0r,2
arV1YrX,2
amvq3Mv,2
aO7owAM,2
a5Wp4OO,2
aLw6x7M,3
aP7655R,1
aD4RyEw,2
aBm9pDZ,2
amvq3d9,2
a7WvY7b,3
apGKZeD,1
a8GdR0Q,2
azm7ngK,2
a43pXmp,2
aBm9pOP,2
aAeBz10,2
aR76b07,3
apGKZ79,3
aMxeMqV,2
aMxegwX,2
abG3n8B,2
aMxeo0V,2
aWxBr3Z,3
a6Kr0r2,2
a1WpyxP,2
a9njoPL,2
apGKOBD,2
ax9E5WM,2
a1Wp9mb,2
adVyEWj,2
a43pOLA,2
a6KrYEm,3
aO7oMoR,2
aR76bMB,2
a3wvmZm,2
amvq3Zj,2
an4e6rV,2
aP765Xn,2
agArzGg,2
aAeBzgE,2
a3wv6Yr,1
a8GdR8Y,2
aR76bZA,2
aVwjp18,2
aD4RyzZ,2
aK74Reg,2
aEPd3Wo,2
abG37X8,3
arV1YEp,2
aoPmQZg,2
aWxB3Zn,2
aZyqOjW,1
a0Nvr8B,2
a1WpyWD,3
a5WpOEy,2
aO7oMgE,3
aXgZBLv,2
aXgZ649,2
amvqe0d,3
aYyj3wx,2
aGdKmm5,3
aR76nM2,2
abG3nn8,2
a2WEeNZ,2
aK74R1W,2
an4ePxn,2
amvq4YX,2
a3wvXLm,1
aO7oLQ3,2
a5Wp0XG,2
ax9Eq0Y,2
a1Wp3BD,2
aeDK8Ej,2
aQd6Lzz,2
aWxBrp3,2
ayeEb6X,2
aGdKmN6,2
awBNEG4,2
aAeBjep,2
aNgmNQ3,2
aR76nPB,2
aYyj9Aw,3
ayeEGRy,2
aqn40E7,1
aAeBjjp,2
apGKOOb,2
aLw67jA,2
aGdKXpK,2
azm7WNq,2
a8GdRXO,2
abG3nZX,2
aD4Reb9,2
abG3NGX,2
agArDVx,2
a7WvYwz,2
aGdKmvK,2
aNgm7Ew,2
an4e6Ro,2
adVyEb2,2
aR76bGG,2
aYyj3nO,2
aNgmNKG,2
ayeEjEM,2
aeDK8r5,1
agArWov,2
amvq47X,2
aXgZye9,2
avz2NyE,2
apGKZzB,2
aoPmQ73,2
a7WvYN2,2
aEPd9qo,2
aqn40Lp,2
aGdK4A6,3
apGKZ5W,3
a8Gdx3p,2
aeDK8mv,2
aEPdmOM,2
aO7oMqM,2
ayeEb8M,3
aWxB3qx,2
aD4RK7G,2
aK74QGg,2
a8GdRnO,2
aZyq6Xz,2
aAeB8Ap,2
a3wv69e,1
a7WvQZ2,1
aGdKXzZ,2
a7WvQ1A,2
a1Wp9ND,3
agArW8W,2
agArW2q,2
aGdKX85,1
aVwjyD2,2
aVwjA8K,2
aqn40Mv,2
ax9E5qb,2
aoPmXQ0,2
avz2NMO,2
aAeBjdg,3
aGdKX46,2
aXgZBG2,3
aNgm7Qv,2
aeDK81p,2
aqn4PeY,2
aWxBz7Z,2
apGKZb5,2
aD4Re8Z,2
avz2K9O,2
aeDK8Mj,2
aWxB3PZ,2
an4emyq,2
aK74Qxj,2
a0NvrDz,2
aXgZBpg,2
a1Wp908,2
a3wvmzr,2
apGKO69,1
a9njopo,2
aeDK8WO,2
a5Wp0Ay,2
aBm9B0x,2
aAeBjmR,2
aBm9pMO,2
aVwjyvn,2
a3wvX83,3
apGKOKW,2
azm7Wyj,1
a6KrY6e,2
aWxB3Qq,2
aQd6W8W,2
a9njgrj,2
ayeEb5r,2
aNgm7K0,2
ax9EL6W,2
aeDKL0B,2
aK74RD1,2
azm7n5B,2
agArWQg,2
aWxBzo2,2
agArWex,2
a8GdZOO,2
avz2KxX,2
a7WvRow,2
a6KrYRe,2
a9njgpj,2
aGdKmx6,2
apGK4ZB,2
aVwjAg2,2
a2WE62O,3
a8GdZdp,2
a9njx3K,2
aP7653R,2
aGdKmMX,2
aYyjXL7,3
a5Wp0YL,2
aQd6W0w,2
a2WEezZ,3
avz2NOX,2
azm7ndN,2
amvq36X,2
a8GdZ8e,1
arV1YD0,2
aWxBz23,2
ax9E5rb,2
aoPmv0w,2
aO7oLED,2
apGK4En,2
avz2MqE,2
a9njxVD,2
aP76bGQ,2
aYyjXeN,3
aVwjpZn,2
aqn4PwM,2
aR76nEQ,2
a0NvBwZ,2
aK74oR6,2
a9njoM0,2
a6Kr0oA,2
ayeEGq8,2
aLw6ZYA,2
aBm9BoZ,2
aEPd31G,2
amvq37j,2
a43pvNd,2
a5Wp0Wo,2
aR76q2M,2
aO7oMwD,2
aGdKXGw,2
aGdK4NZ,3
aAeB8wp,2
a0NvrBn,2
apGKZE5,2
arV17PX,3
ayeEGrp,2
amvq3yo,3
a9njxjL,2
aAeB8XR,3
aAeBjx9,3
a8Gdxgp,3
adVyGpB,2
ax9ELA1,2
amvqedj,2
aGdKmW5,2
azm7Wop,2
a7WvYoe,2
a8GdRNY,2
arV1YWK,2
amvq4L2,2
aZyqObW,2
agArzYK,2
abG3nzr,2
aj9QeOG,2
a43pOwQ,1
an4ePVq,2
azm7pvN,2
aK74oog,2
aZyqOOV,2
ax9EqxW,3
aO7oLg3,2
a2WE3Ep,2
a5WpOpg,2
ax9ELgK,2
avz2M7O,2
aGdKmp5,2
avz2M1d,3
aVwjp2M,2
awBNWLB,2
aMxeoOX,2
a7WvYnx,3
adVyGeD,2
a6Kr0ve,2
aZyq6Gp,2
ax9E52W,2
a3wvmL8,2
aEPd3zp,2
amvq3zo,2
a9njor1,2
aO7owrv,2
amvq3Bj,2
ayeEGBM,2
abG37VO,2
a9njo8K,2
a0NvBEL,2
adVyEoV,2
ax9E5PD,2
a8GdZ26,3
aWxBzmK,2
aNgmNV6,2
aLw6xZz,2
a9njoe1,3
arV1YYB,3
aqn40qM,2
aQd6G02,2
awBNwwW,2
an4e6rz,2
apGKOWM,3
aeDKLNm,2
adVyD7M,1
aP76bbn,1
a9njxw6,2
ayeEjey,2
a6KrYg9,2
a3wv6E5,2
a9njx2L,2
aP765BV,2
aBm9BO1,2
a7WvQoz,2
aO7oLP2,2
aBm9Aw1,2
a8GdR5V,1
aVwjA1n,2
aYyj9VN,2
aBm9ARQ,2
aVwjyBO,2
amvqezj,3
aK74QXb,2
amvqejX,2
abG370v,2
an4emmE,1
aNgmEdw,2
aO7oL2R,3
adVyDP2,1
ax9ELEn,2
aGdKXAz,3
aBm9BYN,2
aLw671P,2
a1Wp3yR,2
aeDKnQj,2
an4emW0,2
ayeEG4q,2
aVwjA08,2
aYyjX3w,2
aD4RK4K,2
aqn405R,2
aqn4onP,2
amvq4n2,2
a2WE6r9,2
aEPdmYx,3
a6KrYxA,2
a8GdxvV,3
aYyj3jm,2
aK74QqN,3
ayeEbAY,2
a2WEe09,2
a1Wp9gP,2
aeDKLm5,1
aO7oLAr,2
aGdKXD0,2
aEPdmEN,2
aYyj3gN,2
aQd6Wr2,1
aZyqOo6,2
a9njggm,2
aQd6GAz,2
aGdKXAw,2
azm7prB,2
a5Wp49N,2
aGdK4W7,2
aj9Qp88,1
a6KrPeR,2
azm7W6q,2
aP76bWq,2
azm7pVx,2
aYyjXrV,2
a7WvRRm,2
azm7W9B,2
aAeBzeE,2
azm7W5K,2
ayeEbZM,1
aLw6xPP,2
aAeBjx2,2
aQd6Gx7,3
aMxegNx,2
aVwjANO,2
a43pXRy,3
a43pv1A,2
aAeBjKo,2
awBNEx4,3
ax9E5An,2
adVyGyD,2
aZyqeDz,2
apGKO9M,2
aAeBjA2,2
aVwjyMy,2
aEPd98x,2
aQd6LEz,2
aBm9ApD,2
adVyEvQ,2
an4e62o,2
aEPd3Qp,2
azm7pDx,2
aAeB8eo,2
a5WpO6o,2
aP765LV,2
aBm9ABN,2
azm7nvm,1
abG3nOE,2
a8GdZv3,2
aP76bQw,2
an4emjq,2
aeDKnAj,2
apGK43W,2
an4ePwB,2
aWxBrK2,2
aVwjp5w,2
agArW1g,2
apGKOD9,2
aEPd96K,1
aWxBrn6,2
a2WEeZO,3
aGdKXB5,2
aVwjyEM,2
a5Wp0pq,2
a8GdRje,1
aD4RKDK,2
a43pvA1,3
aqn4o97,2
aK74oEO,2
a7WvRzL,2
apGK4BE,2
aXgZyb6,2
a2WE68Y,2
aD4ReoO,2
aP765yK,3
aD4Ry2d,2
an4emrb,1
a3wvXj7,2
aZyq6q3,3
a2WE3Y1,3
azm7WVZ,2
amvqe22,2
aD4RKr9,2
a1Wpy98,2
a2WE3QE,2
aZyq69n,2
an4emj5,3
aVwjAWn,2
aBm9p0A,2
aBm9p6N,1
a8GdZnd,2
aZyqeQn,2
avz2NqX,3
aLw6x3x,2
an4e6P0,2
aD4Ryyw,2
azm7nob,1
aeDKLBv,1
a5Wp4mr,2
aVwjA8M,2
a3wvm9m,2
aAeBj59,3
aAeB89Z,2
ayeEGVW,3
amvq44V,2
azm7p5b,2
an4eP1E,2
aP76E6B,2
aBm9Bxx,2
aBm9BYZ,2
aZyqeKX,2
a9njgmD,2
amvq4Zv,2
arV17j5,3
aGdK4p7,2
aoPmQw3,2
aXgZ6mv,2
aNgmNdr,2
a43pvWv,1
a2WE6V9,2
a2WE39O,2
aeDKL4q,2
aP76EZG,2
agArDPK,3
a7WvRDr,2
aLw6xgM,3
a1Wpymv,2
aAeBzAo,2
aVwjyKM,1
a43pXrp,2
agArWqr,2
aVwjAWd,2
aK74RRb,2
ax9E55K,1
aD4RK77,2
aR76nZ2,3
ax9ELG1,2
aWxB3Dn,2
a3wvXre,2
a7WvQDx,1
awBNwLR,2
adVyDAM,2
ayeEG8r,2
aEPd3oo,2
aLw6775,2
aoPmQrm,2
a8GdZNe,3
aqn400Q,3
aBm9bAQ,2
avz2qXX,2
aQd6b52,2
a5Wpgmy,2
a43p8Q1,2
an4eojV,2
a8GdgBe,3
aVwjyOO,2
ayeEjpY,2
a2WE6Ne,3
avz2KLE,2
a1Wp3dD,2
aqn4oKY,2
awBNEbr,2
arV1Qny,1
aQd6Lvr,2
a8GdRm6,2
aQd6LVK,2
aqn4PGj,2
adVyGw9,2
aP76E0R,2
a1Wpy52,2
a1Wp35P,3
aeDKLnb,2
aEPd39M,2
arV1YQB,2
aBm9pNQ,2
a1Wp9yG,2
a8GdZZY,2
aVwjANw,2
agArWRv,2
an4e6A5,2
a1Wp94b,2
aXgZByd,2
aVwjpbP,3
aAeBjnZ,2
avz2Nbq,2
aBm9p7Z,2
aD4RyBO,2
aMxegpR,2
aLw6y66,3
aVwjAAO,2
amvq3D6,2
a9njooW,2
abG37PL,2
a9njo3Z,1
aNgmNNb,1
aGdKXPG,1
avz2NbE,3
an4em3q,2
aWxBrG2,2
aK74Rbj,2
