a0Nv0Pd.jpg,Random,19
a0Nv1bq.jpg,Random,19
a0Nv1jn.jpg,Random,19
a0Nv3ed.jpg,Random,19
a0Nv4Yv.jpg,Random,19
a0Nv7Vn.jpg,Random,19
a0Nv85Q.jpg,Random,19
a0Nv9nL.jpg,Random,19
a0NvB0n.jpg,Random,19
a0NvB3X.jpg,Random,19
a0NvB4v.jpg,Random,19
a0NvB5d.jpg,Random,19
a0NvB8L.jpg,Random,19
a0NvBEL.jpg,Random,19
a0NvBev.jpg,Random,19
a0NvBjB.jpg,Random,19
a0NvbKn.jpg,Random,19
a0NvbMX.jpg,Random,19
a0NvBoQ.jpg,Random,19
a0NvBOZ.jpg,Random,19
a0NvBqd.jpg,Random,19
a0NvBrz.jpg,Random,19
a0NvBVn.jpg,Random,19
a0NvBwZ.jpg,Random,19
a0NvBxO.jpg,Random,19
a0NvBXQ.jpg,Random,19
a0NvD5L.jpg,Random,19
a0NvdGL.jpg,Random,19
a0NvDLn.jpg,Random,19
a0NvDNO.jpg,Random,19
a0NvDpq.jpg,Random,19
a0NvDZB.jpg,Random,19
a0NveAq.jpg,Random,19
a0NvenO.jpg,Random,19
a0Nvezz.jpg,Random,19
a0Nvg8O.jpg,Random,19
a0NvG9X.jpg,Random,19
a0NvgDX.jpg,Random,19
a0NvgEO.jpg,Random,19
a0NvGjv.jpg,Random,19
a0NvGqn.jpg,Random,19
a0NvgVL.jpg,Random,19
a0Nvgyv.jpg,Random,19
a0NvGzv.jpg,Random,19
a0Nvj2z.jpg,Random,19
a0NvKbB.jpg,Random,19
a0NvMxB.jpg,Random,19
a0NvN4q.jpg,Random,19
a0NvNEB.jpg,Random,19
a0NvnEn.jpg,Random,19
a0NvNnO.jpg,Random,19
a0NvNRQ.jpg,Random,19
a0NvOLL.jpg,Random,19
a0NvovL.jpg,Random,19
a0NvOWZ.jpg,Random,19
a0NvpZQ.jpg,Random,19
a0NvQ9Q.jpg,Random,19
a0NvQGL.jpg,Random,19
a0NvqKd.jpg,Random,19
a0NvQmd.jpg,Random,19
a0NvqNX.jpg,Random,19
a0NvqpO.jpg,Random,19
a0NvqwZ.jpg,Random,19
a0NvQxq.jpg,Random,19
a0NvqzO.jpg,Random,19
a0Nvr2n.jpg,Random,19
a0Nvr6Z.jpg,Random,19
a0Nvr7n.jpg,Random,19
a0Nvr8B.jpg,Random,19
a0NvrBn.jpg,Random,19
a0NvrDz.jpg,Random,19
a0Nvrmq.jpg,Random,19
a0Nvrqv.jpg,Random,19
a0NvrWX.jpg,Random,19
a0NvrZn.jpg,Random,19
a0NvV3L.jpg,Random,19
a0Nvw3Z.jpg,Random,19
a0Nvw7O.jpg,Random,19
a0NvW9O.jpg,Random,19
a0NvWDX.jpg,Random,19
a0NvWen.jpg,Random,19
a0NvWjd.jpg,Random,19
a0NvWpd.jpg,Random,19
a0NvwrO.jpg,Random,19
a0NvWRv.jpg,Random,19
a0Nvwxn.jpg,Random,19
a0NvWzd.jpg,Random,19
a0Nvx2L.jpg,Random,19
a0Nvx8d.jpg,Random,19
a0NvxGQ.jpg,Random,19
a0NvxKn.jpg,Random,19
a0NvxNq.jpg,Random,19
a0Nvxvd.jpg,Random,19
a0NvxVO.jpg,Random,19
a0NvXwq.jpg,Random,19
a0NvxXO.jpg,Random,19
a0Nvy1X.jpg,Random,19
a0Nvy5n.jpg,Random,19
a0Nvy6d.jpg,Random,19
a0Nvy8X.jpg,Random,19
a0Nvygn.jpg,Random,19
a0NvYMX.jpg,Random,19
a0NvyNL.jpg,Random,19
a0NvyoO.jpg,Random,19
a0NvyOz.jpg,Random,19
a0Nvypv.jpg,Random,19
a0NvyPz.jpg,Random,19
a0NvyrL.jpg,Random,19
a0NvyVB.jpg,Random,19
a0NvYvd.jpg,Random,19
a0NvyvX.jpg,Random,19
a0NvyXB.jpg,Random,19
a0Nvyxv.jpg,Random,19
a0NvyZZ.jpg,Random,19
a0NvzbB.jpg,Random,19
a0NvzjO.jpg,Random,19
a0Nvznn.jpg,Random,19
a0NvZOn.jpg,Random,19
a0NvzQd.jpg,Random,19
a0NvzwL.jpg,Random,19
a0NvzXv.jpg,Random,19
a0RmAKX.jpg,Random,19
a0RmmjZ.jpg,Random,19
a1R4z4D.jpg,Random,19
a1R4zjw.jpg,Random,19
a1Wp0BG.jpg,Random,19
a1Wp1Yv.jpg,Random,19
a1Wp22G.jpg,Random,19
a1Wp2R2.jpg,Random,19
a1Wp32w.jpg,Random,19
a1Wp35P.jpg,Random,19
a1Wp36v.jpg,Random,19
a1Wp3b8.jpg,Random,19
a1Wp3BD.jpg,Random,19
a1Wp3dD.jpg,Random,19
a1Wp3DY.jpg,Random,19
a1Wp3K8.jpg,Random,19
a1Wp3Lw.jpg,Random,19
a1Wp3m6.jpg,Random,19
a1Wp3Mb.jpg,Random,19
a1Wp3rR.jpg,Random,19
a1Wp3Rv.jpg,Random,19
a1Wp3WR.jpg,Random,19
a1Wp3yR.jpg,Random,19
a1Wp67w.jpg,Random,19
a1Wp6DG.jpg,Random,19
a1Wp6mP.jpg,Random,19
a1Wp6Nw.jpg,Random,19
a1Wp6o2.jpg,Random,19
a1Wp6pb.jpg,Random,19
a1Wp6PP.jpg,Random,19
a1Wp71b.jpg,Random,19
a1Wp7O2.jpg,Random,19
a1Wp7pR.jpg,Random,19
a1Wp85G.jpg,Random,19
a1Wp8bR.jpg,Random,19
a1Wp908.jpg,Random,19
a1Wp93w.jpg,Random,19
a1Wp94b.jpg,Random,19
a1Wp9AR.jpg,Random,19
a1Wp9gP.jpg,Random,19
a1Wp9LR.jpg,Random,19
a1Wp9M6.jpg,Random,19
a1Wp9mb.jpg,Random,19
a1Wp9ND.jpg,Random,19
a1Wp9rG.jpg,Random,19
a1Wp9x6.jpg,Random,19
a1Wp9yG.jpg,Random,19
a1WpAdP.jpg,Random,19
a1WpB0D.jpg,Random,19
a1WpB58.jpg,Random,19
a1WpB6P.jpg,Random,19
a1WpB9w.jpg,Random,19
a1WpBKY.jpg,Random,19
a1WpBq2.jpg,Random,19
a1WpBQP.jpg,Random,19
a1WpBX6.jpg,Random,19
a1WpDRR.jpg,Random,19
a1WpE8P.jpg,Random,19
a1WpeNP.jpg,Random,19
a1Wper6.jpg,Random,19
a1Wpg6b.jpg,Random,19
a1Wpg9D.jpg,Random,19
a1WpgBw.jpg,Random,19
a1WpggG.jpg,Random,19
a1WpgKG.jpg,Random,19
a1WpgP8.jpg,Random,19
a1WpgrD.jpg,Random,19
a1WpgyD.jpg,Random,19
a1WpjjP.jpg,Random,19
a1WpjQP.jpg,Random,19
a1Wpjx2.jpg,Random,19
a1WpjX6.jpg,Random,19
a1WpKxP.jpg,Random,19
a1WpM22.jpg,Random,19
a1Wpm98.jpg,Random,19
a1WpMv6.jpg,Random,19
a1WpmvY.jpg,Random,19
a1Wpnj8.jpg,Random,19
a1WpnP2.jpg,Random,19
a1WpNrP.jpg,Random,19
a1WpnrR.jpg,Random,19
a1WpNRY.jpg,Random,19
a1Wpnz2.jpg,Random,19
a1WpOeR.jpg,Random,19
a1WpOV8.jpg,Random,19
a1WpP12.jpg,Random,19
a1WppEb.jpg,Random,19
a1Wpq3b.jpg,Random,19
a1Wpq8w.jpg,Random,19
a1Wpq9D.jpg,Random,19
a1WpQBv.jpg,Random,19
a1WpqrD.jpg,Random,19
a1WpqwY.jpg,Random,19
a1WpROG.jpg,Random,19
a1WpV28.jpg,Random,19
a1Wpv9v.jpg,Random,19
a1WpvEP.jpg,Random,19
a1WpvoD.jpg,Random,19
a1WpVOv.jpg,Random,19
a1Wpw96.jpg,Random,19
a1WpweD.jpg,Random,19
a1WpwLb.jpg,Random,19
a1WpwR2.jpg,Random,19
a1WpwVG.jpg,Random,19
a1WpwW6.jpg,Random,19
a1Wpx1R.jpg,Random,19
a1Wpx72.jpg,Random,19
a1Wpx8b.jpg,Random,19
a1WpxLP.jpg,Random,19
a1WpxN6.jpg,Random,19
a1Wpxo8.jpg,Random,19
a1WpxpP.jpg,Random,19
a1Wpy3D.jpg,Random,19
a1Wpy52.jpg,Random,19
a1Wpy7v.jpg,Random,19
a1Wpy8G.jpg,Random,19
a1Wpy98.jpg,Random,19
a1WpybG.jpg,Random,19
a1WpyeP.jpg,Random,19
a1Wpymv.jpg,Random,19
a1WpyMw.jpg,Random,19
a1WpynG.jpg,Random,19
a1Wpyob.jpg,Random,19
a1WpyQb.jpg,Random,19
a1WpyWD.jpg,Random,19
a1WpyxP.jpg,Random,19
a1WpyXw.jpg,Random,19
a1WpyyD.jpg,Random,19
a1WpyYP.jpg,Random,19
a1WpZWP.jpg,Random,19
a2RQBvw.jpg,Random,19
a2RQQ8d.jpg,Random,19
a2RQQdD.jpg,Random,19
a2WE0nE.jpg,Random,19
a2WE1eY.jpg,Random,19
a2WE319.jpg,Random,19
a2WE35O.jpg,Random,19
a2WE39O.jpg,Random,19
a2WE3Ae.jpg,Random,19
a2WE3e9.jpg,Random,19
a2WE3Ep.jpg,Random,19
a2WE3NY.jpg,Random,19
a2WE3q1.jpg,Random,19
a2WE3QE.jpg,Random,19
a2WE3Rw.jpg,Random,19
a2WE3Ww.jpg,Random,19
a2WE3Y1.jpg,Random,19
a2WE3Zd.jpg,Random,19
a2WE43w.jpg,Random,19
a2WE4Ep.jpg,Random,19
a2WE4PY.jpg,Random,19
a2WE4Ve.jpg,Random,19
a2WE61D.jpg,Random,19
a2WE62O.jpg,Random,19
a2WE63Z.jpg,Random,19
a2WE649.jpg,Random,19
a2WE66E.jpg,Random,19
a2WE68Y.jpg,Random,19
a2WE6Aw.jpg,Random,19
a2WE6eZ.jpg,Random,19
a2WE6md.jpg,Random,19
a2WE6Mp.jpg,Random,19
a2WE6Ne.jpg,Random,19
a2WE6Oe.jpg,Random,19
a2WE6Qp.jpg,Random,19
a2WE6r9.jpg,Random,19
a2WE6V9.jpg,Random,19
a2WE6y1.jpg,Random,19
a2WE6ZE.jpg,Random,19
a2WE6zO.jpg,Random,19
a2WE8A9.jpg,Random,19
a2WE91e.jpg,Random,19
a2WE98w.jpg,Random,19
a2WE9oY.jpg,Random,19
a2WE9wd.jpg,Random,19
a2WEA9E.jpg,Random,19
a2WEAQ1.jpg,Random,19
a2WEArZ.jpg,Random,19
a2WEAzd.jpg,Random,19
a2WEdv1.jpg,Random,19
a2WEe09.jpg,Random,19
a2WEe2E.jpg,Random,19
a2WEe7e.jpg,Random,19
a2WEeAY.jpg,Random,19
a2WEeDE.jpg,Random,19
a2WEEgE.jpg,Random,19
a2WEeMw.jpg,Random,19
a2WEeNZ.jpg,Random,19
a2WEeo1.jpg,Random,19
a2WEePD.jpg,Random,19
a2WEevd.jpg,Random,19
a2WEEvY.jpg,Random,19
a2WEeWe.jpg,Random,19
a2WEeww.jpg,Random,19
a2WEexp.jpg,Random,19
a2WEezZ.jpg,Random,19
a2WEg5O.jpg,Random,19
a2WEG6D.jpg,Random,19
a2WEGDe.jpg,Random,19
a2WEGXD.jpg,Random,19
a2WEgYY.jpg,Random,19
a2WEGZD.jpg,Random,19
a2WEjB9.jpg,Random,19
a2WEjK9.jpg,Random,19
a2WEjv9.jpg,Random,19
a2WEK2O.jpg,Random,19
a2WEmVO.jpg,Random,19
a2WEmwE.jpg,Random,19
a2WEMyE.jpg,Random,19
a2WENKw.jpg,Random,19
a2WEO61.jpg,Random,19
a2WEO8d.jpg,Random,19
a2WEOXY.jpg,Random,19
a2WEoYD.jpg,Random,19
a2WEozE.jpg,Random,19
a2WEp3O.jpg,Random,19
a2WEpEE.jpg,Random,19
a2WEPKe.jpg,Random,19
a2WEpYD.jpg,Random,19
a2WEqnZ.jpg,Random,19
a2WEqOO.jpg,Random,19
a2WEqp9.jpg,Random,19
a2WErp9.jpg,Random,19
a2WERPe.jpg,Random,19
a2WEV21.jpg,Random,19
a2WEv39.jpg,Random,19
a2WEV9d.jpg,Random,19
a2WEVE1.jpg,Random,19
a2WEVrw.jpg,Random,19
a2WEVYe.jpg,Random,19
a2WEx4w.jpg,Random,19
a2WEx5d.jpg,Random,19
a2WEx8p.jpg,Random,19
a2WEXRp.jpg,Random,19
a2WExvD.jpg,Random,19
a2WExxe.jpg,Random,19
a2WEXY9.jpg,Random,19
a2WEY8O.jpg,Random,19
a2WEYbd.jpg,Random,19
a2WEymY.jpg,Random,19
a2WEYQY.jpg,Random,19
a2WEzeE.jpg,Random,19
a2WEzGO.jpg,Random,19
a2WEzme.jpg,Random,19
a3Romz5.jpg,Random,19
a3RooKr.jpg,Random,19
a3RooYe.jpg,Random,19
a3wv008.jpg,Random,19
a3wv0vr.jpg,Random,19
a3wv1K8.jpg,Random,19
a3wv24r.jpg,Random,19
a3wv2wQ.jpg,Random,19
a3wv301.jpg,Random,19
a3wv38N.jpg,Random,19
a3wv3QQ.jpg,Random,19
a3wv615.jpg,Random,19
a3wv628.jpg,Random,19
a3wv64e.jpg,Random,19
a3wv65v.jpg,Random,19
a3wv69e.jpg,Random,19
a3wv6e1.jpg,Random,19
a3wv6E5.jpg,Random,19
a3wv6L3.jpg,Random,19
a3wv6m5.jpg,Random,19
a3wv6n3.jpg,Random,19
a3wv6p1.jpg,Random,19
a3wv6V5.jpg,Random,19
a3wv6Wr.jpg,Random,19
a3wv6x3.jpg,Random,19
a3wv6Yr.jpg,Random,19
a3wv6Ze.jpg,Random,19
a3wv8M8.jpg,Random,19
a3wv8Qr.jpg,Random,19
a3wvBP8.jpg,Random,19
a3wvbV7.jpg,Random,19
a3wvbxr.jpg,Random,19
a3wvD58.jpg,Random,19
a3wvDEv.jpg,Random,19
a3wvDLm.jpg,Random,19
a3wvDW1.jpg,Random,19
a3wvdYe.jpg,Random,19
a3wvdz8.jpg,Random,19
a3wve3v.jpg,Random,19
a3wve9N.jpg,Random,19
a3wvem1.jpg,Random,19
a3wvEp8.jpg,Random,19
a3wveVN.jpg,Random,19
a3wveZN.jpg,Random,19
a3wvGG7.jpg,Random,19
a3wvgj1.jpg,Random,19
a3wvGo7.jpg,Random,19
a3wvKB8.jpg,Random,19
a3wvm1m.jpg,Random,19
a3wvm3Q.jpg,Random,19
a3wvm9m.jpg,Random,19
a3wvMAv.jpg,Random,19
a3wvMbr.jpg,Random,19
a3wvmdQ.jpg,Random,19
a3wvmEN.jpg,Random,19
a3wvmer.jpg,Random,19
a3wvmK3.jpg,Random,19
a3wvmL8.jpg,Random,19
a3wvmmN.jpg,Random,19
a3wvmnQ.jpg,Random,19
a3wvmO1.jpg,Random,19
a3wvmPv.jpg,Random,19
a3wvmR1.jpg,Random,19
a3wvmX1.jpg,Random,19
a3wvmYv.jpg,Random,19
a3wvmZm.jpg,Random,19
a3wvmzr.jpg,Random,19
a3wvn01.jpg,Random,19
a3wvnA1.jpg,Random,19
a3wvngv.jpg,Random,19
a3wvnKv.jpg,Random,19
a3wvnMv.jpg,Random,19
a3wvnRQ.jpg,Random,19
a3wvnvm.jpg,Random,19
a3wvnyN.jpg,Random,19
a3wvO0N.jpg,Random,19
a3wvO43.jpg,Random,19
a3wvO93.jpg,Random,19
a3wvOMQ.jpg,Random,19
a3wvOpe.jpg,Random,19
a3wvp0v.jpg,Random,19
a3wvp2Q.jpg,Random,19
a3wvpD1.jpg,Random,19
a3wvpe3.jpg,Random,19
a3wvPEe.jpg,Random,19
a3wvpP8.jpg,Random,19
a3wvpQm.jpg,Random,19
a3wvpZ5.jpg,Random,19
a3wvQ6r.jpg,Random,19
a3wvr4m.jpg,Random,19
a3wvR6v.jpg,Random,19
a3wvr8e.jpg,Random,19
a3wvr9m.jpg,Random,19
a3wvrr3.jpg,Random,19
a3wvvA3.jpg,Random,19
a3wvw4e.jpg,Random,19
a3wvW7m.jpg,Random,19
a3wvwDN.jpg,Random,19
a3wvWX5.jpg,Random,19
a3wvX48.jpg,Random,19
a3wvX77.jpg,Random,19
a3wvX83.jpg,Random,19
a3wvXAr.jpg,Random,19
a3wvXD5.jpg,Random,19
a3wvXdN.jpg,Random,19
a3wvxem.jpg,Random,19
a3wvXj7.jpg,Random,19
a3wvXKe.jpg,Random,19
a3wvXLm.jpg,Random,19
a3wvxLN.jpg,Random,19
a3wvXM5.jpg,Random,19
a3wvXNN.jpg,Random,19
a3wvXQe.jpg,Random,19
a3wvXre.jpg,Random,19
a3wvXVQ.jpg,Random,19
a3wvXy3.jpg,Random,19
a3wvxyr.jpg,Random,19
a3wvY45.jpg,Random,19
a3wvz51.jpg,Random,19
a3wvzd7.jpg,Random,19
a3wvzgv.jpg,Random,19
a3wvzOQ.jpg,Random,19
a43p00Z.jpg,Random,19
a43p0Bw.jpg,Random,19
a43p0gv.jpg,Random,19
a43p0QZ.jpg,Random,19
a43p0X6.jpg,Random,19
a43p1py.jpg,Random,19
a43p2vZ.jpg,Random,19
a43p3ZQ.jpg,Random,19
a43p59Z.jpg,Random,19
a43p5Aw.jpg,Random,19
a43p5QQ.jpg,Random,19
a43p6rw.jpg,Random,19
a43p6vm.jpg,Random,19
a43p8gd.jpg,Random,19
a43p8Q1.jpg,Random,19
a43p8wQ.jpg,Random,19
a43p8Xw.jpg,Random,19
a43p9rv.jpg,Random,19
a43pb1v.jpg,Random,19
a43pB3Z.jpg,Random,19
a43pb5m.jpg,Random,19
a43pb6Z.jpg,Random,19
a43pbDv.jpg,Random,19
a43pBKy.jpg,Random,19
a43pBXZ.jpg,Random,19
a43pd8w.jpg,Random,19
a43pEMy.jpg,Random,19
a43pErZ.jpg,Random,19
a43pg96.jpg,Random,19
a43pGmp.jpg,Random,19
a43pjoQ.jpg,Random,19
a43pLMv.jpg,Random,19
a43pm21.jpg,Random,19
a43pm5d.jpg,Random,19
a43pmAd.jpg,Random,19
a43pmDQ.jpg,Random,19
a43pmg6.jpg,Random,19
a43pmLv.jpg,Random,19
a43pmVv.jpg,Random,19
a43pn4v.jpg,Random,19
a43pn6d.jpg,Random,19
a43pN7y.jpg,Random,19
a43pNBA.jpg,Random,19
a43pNLp.jpg,Random,19
a43pnvA.jpg,Random,19
a43pO3w.jpg,Random,19
a43pO66.jpg,Random,19
a43pO71.jpg,Random,19
a43po9A.jpg,Random,19
a43pOKp.jpg,Random,19
a43pOLA.jpg,Random,19
a43pOmy.jpg,Random,19
a43pONm.jpg,Random,19
a43pOnZ.jpg,Random,19
a43pOOw.jpg,Random,19
a43pOvv.jpg,Random,19
a43pOwQ.jpg,Random,19
a43pOYy.jpg,Random,19
a43pp7w.jpg,Random,19
a43pp9y.jpg,Random,19
a43pprd.jpg,Random,19
a43pPYp.jpg,Random,19
a43pqYQ.jpg,Random,19
a43pr7Q.jpg,Random,19
a43pr96.jpg,Random,19
a43prd6.jpg,Random,19
a43pRgd.jpg,Random,19
a43pV16.jpg,Random,19
a43pv1A.jpg,Random,19
a43pv3Q.jpg,Random,19
a43pV9y.jpg,Random,19
a43pvA1.jpg,Random,19
a43pvEQ.jpg,Random,19
a43pvLZ.jpg,Random,19
a43pvMy.jpg,Random,19
a43pvNd.jpg,Random,19
a43pVnm.jpg,Random,19
a43pVNp.jpg,Random,19
a43pvoA.jpg,Random,19
a43pvOp.jpg,Random,19
a43pvpw.jpg,Random,19
a43pvPy.jpg,Random,19
a43pvQp.jpg,Random,19
a43pvqw.jpg,Random,19
a43pvrZ.jpg,Random,19
a43pvWv.jpg,Random,19
a43pvxZ.jpg,Random,19
a43pVZ1.jpg,Random,19
a43pvzd.jpg,Random,19
a43pW2v.jpg,Random,19
a43pwg6.jpg,Random,19
a43pwLv.jpg,Random,19
a43pwNy.jpg,Random,19
a43px4p.jpg,Random,19
a43pX8Q.jpg,Random,19
a43pX9m.jpg,Random,19
a43pXAZ.jpg,Random,19
a43pXBQ.jpg,Random,19
a43pxDw.jpg,Random,19
a43pXe1.jpg,Random,19
a43pXmp.jpg,Random,19
a43pxMv.jpg,Random,19
a43pXNv.jpg,Random,19
a43pXP1.jpg,Random,19
a43pxPv.jpg,Random,19
a43pXq6.jpg,Random,19
a43pXrp.jpg,Random,19
a43pXRy.jpg,Random,19
a43pXVm.jpg,Random,19
a43pXW6.jpg,Random,19
a43pxX1.jpg,Random,19
a43pXyA.jpg,Random,19
a43pXYp.jpg,Random,19
a43pXZQ.jpg,Random,19
a43py21.jpg,Random,19
a43py9v.jpg,Random,19
a43pyb6.jpg,Random,19
a43pyGm.jpg,Random,19
a43pyWw.jpg,Random,19
a43pzjd.jpg,Random,19
a43pZOZ.jpg,Random,19
a4RMDow.jpg,Random,19
a4RMex6.jpg,Random,19
a5RL8eN.jpg,Random,19
a5RLL1q.jpg,Random,19
a5RLLqL.jpg,Random,19
a5Wp01G.jpg,Random,19
a5Wp03L.jpg,Random,19
a5Wp0Ay.jpg,Random,19
a5Wp0BN.jpg,Random,19
a5Wp0dO.jpg,Random,19
a5Wp0Eo.jpg,Random,19
a5Wp0gy.jpg,Random,19
a5Wp0Lg.jpg,Random,19
a5Wp0NO.jpg,Random,19
a5Wp0ny.jpg,Random,19
a5Wp0Oo.jpg,Random,19
a5Wp0pq.jpg,Random,19
a5Wp0Qg.jpg,Random,19
a5Wp0vV.jpg,Random,19
a5Wp0Wo.jpg,Random,19
a5Wp0XG.jpg,Random,19
a5Wp0YL.jpg,Random,19
a5Wp1gG.jpg,Random,19
a5Wp30q.jpg,Random,19
a5Wp33E.jpg,Random,19
a5Wp38O.jpg,Random,19
a5Wp3KG.jpg,Random,19
a5Wp3zL.jpg,Random,19
a5Wp40q.jpg,Random,19
a5Wp49N.jpg,Random,19
a5Wp4bN.jpg,Random,19
a5Wp4DG.jpg,Random,19
a5Wp4EO.jpg,Random,19
a5Wp4gE.jpg,Random,19
a5Wp4Mq.jpg,Random,19
a5Wp4mr.jpg,Random,19
a5Wp4OO.jpg,Random,19
a5Wp4PG.jpg,Random,19
a5Wp4VV.jpg,Random,19
a5Wp4xg.jpg,Random,19
a5Wp4Xr.jpg,Random,19
a5Wp4zL.jpg,Random,19
a5Wp4ZN.jpg,Random,19
a5Wp54q.jpg,Random,19
a5Wp5Ag.jpg,Random,19
a5Wp5eL.jpg,Random,19
a5Wp6pV.jpg,Random,19
a5Wp6RN.jpg,Random,19
a5Wp9no.jpg,Random,19
a5Wp9VE.jpg,Random,19
a5Wp9xy.jpg,Random,19
a5WpAEo.jpg,Random,19
a5WpAjq.jpg,Random,19
a5WpAvr.jpg,Random,19
a5WpAXG.jpg,Random,19
a5WpAYL.jpg,Random,19
a5WpB0o.jpg,Random,19
a5WpD3o.jpg,Random,19
a5WpD4g.jpg,Random,19
a5Wpd9E.jpg,Random,19
a5WpDgo.jpg,Random,19
a5WpdNg.jpg,Random,19
a5WpDOg.jpg,Random,19
a5WpDYG.jpg,Random,19
a5WpE6V.jpg,Random,19
a5WpePq.jpg,Random,19
a5WpeYy.jpg,Random,19
a5WpEZN.jpg,Random,19
a5Wpg0r.jpg,Random,19
a5Wpg8y.jpg,Random,19
a5WpgLL.jpg,Random,19
a5Wpgmy.jpg,Random,19
a5WpgzG.jpg,Random,19
a5WpK2E.jpg,Random,19
a5WpKnV.jpg,Random,19
a5WpKqq.jpg,Random,19
a5WpMgG.jpg,Random,19
a5WpMVq.jpg,Random,19
a5WpnDN.jpg,Random,19
a5WpNQO.jpg,Random,19
a5WpNxo.jpg,Random,19
a5WpO0V.jpg,Random,19
a5WpO6o.jpg,Random,19
a5WpOBo.jpg,Random,19
a5WpODE.jpg,Random,19
a5WpOEy.jpg,Random,19
a5WpOmL.jpg,Random,19
a5WpOMr.jpg,Random,19
a5WpOpg.jpg,Random,19
a5WpOQL.jpg,Random,19
a5WpoVr.jpg,Random,19
a5WpOWV.jpg,Random,19
a5WpOyq.jpg,Random,19
a5WpPBq.jpg,Random,19
a5WppEg.jpg,Random,19
a5Wprrg.jpg,Random,19
a5Wpv2L.jpg,Random,19
a5Wpv3N.jpg,Random,19
a5WpV5G.jpg,Random,19
a5WpvBV.jpg,Random,19
a5WpvDo.jpg,Random,19
a5WpvEq.jpg,Random,19
a5WpvKG.jpg,Random,19
a5WpvoN.jpg,Random,19
a5WpvRE.jpg,Random,19
a5WpvwV.jpg,Random,19
a5WpW6o.jpg,Random,19
a5Wpw7O.jpg,Random,19
a5WpxbV.jpg,Random,19
a5Wpxmo.jpg,Random,19
a5WpxxO.jpg,Random,19
a5WpxZr.jpg,Random,19
a5WpXZy.jpg,Random,19
a5Wpy8V.jpg,Random,19
a5Wpy9q.jpg,Random,19
a5WpYDy.jpg,Random,19
a5WpyPN.jpg,Random,19
a5WpYQE.jpg,Random,19
a5WpyRr.jpg,Random,19
a5WpyxN.jpg,Random,19
a6Kr05N.jpg,Random,19
a6Kr08L.jpg,Random,19
a6Kr0jR.jpg,Random,19
a6Kr0Nb.jpg,Random,19
a6Kr0oA.jpg,Random,19
a6Kr0P9.jpg,Random,19
a6Kr0r2.jpg,Random,19
a6Kr0ve.jpg,Random,19
a6Kr0We.jpg,Random,19
a6Kr0wR.jpg,Random,19
a6Kr0xL.jpg,Random,19
a6Kr0Yb.jpg,Random,19
a6Kr0Ze.jpg,Random,19
a6Kr20N.jpg,Random,19
a6Kr32N.jpg,Random,19
a6Kr34L.jpg,Random,19
a6Kr3Ab.jpg,Random,19
a6Kr3BN.jpg,Random,19
a6Kr3j2.jpg,Random,19
a6Kr3NA.jpg,Random,19
a6Kr3nm.jpg,Random,19
a6Kr3o8.jpg,Random,19
a6Kr3Pb.jpg,Random,19
a6Kr3RA.jpg,Random,19
a6Kr3yR.jpg,Random,19
a6Kr42e.jpg,Random,19
a6Kr48m.jpg,Random,19
a6Kr4A8.jpg,Random,19
a6Kr4e2.jpg,Random,19
a6Kr4Pq.jpg,Random,19
a6Kr4WA.jpg,Random,19
a6Kr5rR.jpg,Random,19
a6Kr66L.jpg,Random,19
a6Kr7eq.jpg,Random,19
a6Kr7v9.jpg,Random,19
a6Kr86m.jpg,Random,19
a6Kr8rA.jpg,Random,19
a6Kr8x9.jpg,Random,19
a6KrB0L.jpg,Random,19
a6KrBEL.jpg,Random,19
a6KrBoR.jpg,Random,19
a6KrbxA.jpg,Random,19
a6KrdVR.jpg,Random,19
a6Kre58.jpg,Random,19
a6KreAR.jpg,Random,19
a6Krebm.jpg,Random,19
a6Kregm.jpg,Random,19
a6KreON.jpg,Random,19
a6KrEvA.jpg,Random,19
a6KreVm.jpg,Random,19
a6KrEyN.jpg,Random,19
a6KreZL.jpg,Random,19
a6Krg0b.jpg,Random,19
a6Krg22.jpg,Random,19
a6Krg5m.jpg,Random,19
a6KrG8m.jpg,Random,19
a6KrGb2.jpg,Random,19
a6KrgKb.jpg,Random,19
a6KrGoR.jpg,Random,19
a6KrGwe.jpg,Random,19
a6KrK7q.jpg,Random,19
a6KrLYe.jpg,Random,19
a6Krn7R.jpg,Random,19
a6KrnD9.jpg,Random,19
a6Kro9b.jpg,Random,19
a6KrP32.jpg,Random,19
a6KrP4R.jpg,Random,19
a6KrP6L.jpg,Random,19
a6KrPeR.jpg,Random,19
a6KrPP8.jpg,Random,19
a6KrPpm.jpg,Random,19
a6KrPqA.jpg,Random,19
a6KrPQR.jpg,Random,19
a6KrPRq.jpg,Random,19
a6KrpwL.jpg,Random,19
a6KrPwm.jpg,Random,19
a6KrPXb.jpg,Random,19
a6KrR0R.jpg,Random,19
a6KrRKR.jpg,Random,19
a6KrRO2.jpg,Random,19
a6KrRoN.jpg,Random,19
a6KrVDe.jpg,Random,19
a6KrVRA.jpg,Random,19
a6Krw4L.jpg,Random,19
a6KrwQL.jpg,Random,19
a6KrX1L.jpg,Random,19
a6Krx4A.jpg,Random,19
a6KrxAm.jpg,Random,19
a6Krxbb.jpg,Random,19
a6Krxdq.jpg,Random,19
a6Krxjq.jpg,Random,19
a6Krxqm.jpg,Random,19
a6KrxR9.jpg,Random,19
a6KrxX2.jpg,Random,19
a6KrxZN.jpg,Random,19
a6KrY1N.jpg,Random,19
a6KrY2q.jpg,Random,19
a6KrY4b.jpg,Random,19
a6KrY6e.jpg,Random,19
a6KrYg9.jpg,Random,19
a6KrYLA.jpg,Random,19
a6KrYMb.jpg,Random,19
a6KrYnL.jpg,Random,19
a6KrYoe.jpg,Random,19
a6KrYRe.jpg,Random,19
a6KrYxA.jpg,Random,19
a6KrYXR.jpg,Random,19
a6KrYyA.jpg,Random,19
a6Krz1m.jpg,Random,19
a6KrZ8L.jpg,Random,19
a6Krzpq.jpg,Random,19
a6KrzqN.jpg,Random,19
a6KrzRe.jpg,Random,19
a6Krzy8.jpg,Random,19
a6NWvBm.jpg,Random,19
a7Wv0rA.jpg,Random,19
a7Wv0Xz.jpg,Random,19
a7Wv0ZA.jpg,Random,19
a7Wv1nr.jpg,Random,19
a7Wv2LA.jpg,Random,19
a7Wv3W2.jpg,Random,19
a7Wv69L.jpg,Random,19
a7Wv6Ez.jpg,Random,19
a7Wv6qr.jpg,Random,19
a7Wv7Bb.jpg,Random,19
a7Wv7bx.jpg,Random,19
a7Wv89m.jpg,Random,19
a7Wv94b.jpg,Random,19
a7Wv9Ke.jpg,Random,19
a7Wv9X2.jpg,Random,19
a7WvA9q.jpg,Random,19
a7WvADm.jpg,Random,19
a7WvAEw.jpg,Random,19
a7WvAnz.jpg,Random,19
a7WvArm.jpg,Random,19
a7WvAz2.jpg,Random,19
a7WvAZe.jpg,Random,19
a7WvB9x.jpg,Random,19
a7WvBjL.jpg,Random,19
a7WvbKb.jpg,Random,19
a7Wvbrz.jpg,Random,19
a7WvBWm.jpg,Random,19
a7WvDGx.jpg,Random,19
a7WvDoe.jpg,Random,19
a7WvdWb.jpg,Random,19
a7WvG1m.jpg,Random,19
a7WvG3r.jpg,Random,19
a7Wvg52.jpg,Random,19
a7WvG8L.jpg,Random,19
a7WvgDq.jpg,Random,19
a7WvGGq.jpg,Random,19
a7WvGjL.jpg,Random,19
a7WvgLw.jpg,Random,19
a7WvGmz.jpg,Random,19
a7WvGXr.jpg,Random,19
a7WvgYz.jpg,Random,19
a7WvLYe.jpg,Random,19
a7Wvmeb.jpg,Random,19
a7WvmxL.jpg,Random,19
a7Wvmz2.jpg,Random,19
a7Wvn7L.jpg,Random,19
a7Wvn9r.jpg,Random,19
a7Wvng2.jpg,Random,19
a7Wvnpe.jpg,Random,19
a7WvnX2.jpg,Random,19
a7Wvnxx.jpg,Random,19
a7WvOjb.jpg,Random,19
a7WvP8A.jpg,Random,19
a7WvPnm.jpg,Random,19
a7WvPqq.jpg,Random,19
a7WvPWb.jpg,Random,19
a7WvPXx.jpg,Random,19
a7WvPZw.jpg,Random,19
a7WvQ0r.jpg,Random,19
a7WvQ1A.jpg,Random,19
a7WvQ3b.jpg,Random,19
a7WvQ6w.jpg,Random,19
a7WvQ8z.jpg,Random,19
a7WvQbw.jpg,Random,19
a7WvQDx.jpg,Random,19
a7WvqEL.jpg,Random,19
a7WvQEq.jpg,Random,19
a7WvQer.jpg,Random,19
a7WvQm2.jpg,Random,19
a7WvQoz.jpg,Random,19
a7WvQVe.jpg,Random,19
a7WvQvm.jpg,Random,19
a7WvQwb.jpg,Random,19
a7WvQZ2.jpg,Random,19
a7WvR3e.jpg,Random,19
a7WvRBr.jpg,Random,19
a7WvRDr.jpg,Random,19
a7WvRdz.jpg,Random,19
a7WvRGA.jpg,Random,19
a7WvRjw.jpg,Random,19
a7WvRKq.jpg,Random,19
a7WvRMe.jpg,Random,19
a7Wvrnq.jpg,Random,19
a7WvRO2.jpg,Random,19
a7WvRRm.jpg,Random,19
a7WvRwm.jpg,Random,19
a7WvRzL.jpg,Random,19
a7WvVOr.jpg,Random,19
a7WvvRL.jpg,Random,19
a7WvwXe.jpg,Random,19
a7Wvx6e.jpg,Random,19
a7Wvx9A.jpg,Random,19
a7WvxE2.jpg,Random,19
a7WvxQ2.jpg,Random,19
a7WvY1r.jpg,Random,19
a7WvY6b.jpg,Random,19
a7WvY7b.jpg,Random,19
a7WvY9w.jpg,Random,19
a7WvyBm.jpg,Random,19
a7WvYdb.jpg,Random,19
a7WvYje.jpg,Random,19
a7WvYKx.jpg,Random,19
a7WvYN2.jpg,Random,19
a7WvYnx.jpg,Random,19
a7WvYoe.jpg,Random,19
a7WvYqe.jpg,Random,19
a7WvYVL.jpg,Random,19
a7WvYvw.jpg,Random,19
a7WvYwz.jpg,Random,19
a7WvYyx.jpg,Random,19
a85rP0p.jpg,Random,19
a85rPZ1.jpg,Random,19
a85rrDV.jpg,Random,19
a85rrx3.jpg,Random,19
a85rrZe.jpg,Random,19
a8Gd0y1.jpg,Random,19
a8Gd1LV.jpg,Random,19
a8Gd1od.jpg,Random,19
a8Gd3np.jpg,Random,19
a8Gd40V.jpg,Random,19
a8Gd40Z.jpg,Random,19
a8Gd5xp.jpg,Random,19
a8Gd5Z6.jpg,Random,19
a8Gd6R3.jpg,Random,19
a8Gd76Q.jpg,Random,19
a8Gd7ed.jpg,Random,19
a8Gd8RV.jpg,Random,19
a8Gd8ze.jpg,Random,19
a8Gd916.jpg,Random,19
a8Gd941.jpg,Random,19
a8Gd9ee.jpg,Random,19
a8Gd9OZ.jpg,Random,19
a8Gd9QV.jpg,Random,19
a8Gd9yZ.jpg,Random,19
a8GdA3O.jpg,Random,19
a8Gdb1O.jpg,Random,19
a8GdbLp.jpg,Random,19
a8GdDd6.jpg,Random,19
a8GdDdQ.jpg,Random,19
a8GdDLQ.jpg,Random,19
a8Gddpp.jpg,Random,19
a8GdDQe.jpg,Random,19
a8GddYV.jpg,Random,19
a8GdE7V.jpg,Random,19
a8GdeLZ.jpg,Random,19
a8GdeQQ.jpg,Random,19
a8GdEZY.jpg,Random,19
a8Gdg3d.jpg,Random,19
a8Gdg8Q.jpg,Random,19
a8GdgBe.jpg,Random,19
a8GdgbZ.jpg,Random,19
a8Gdgjp.jpg,Random,19
a8GdgKZ.jpg,Random,19
a8GdgQ6.jpg,Random,19
a8GdgrO.jpg,Random,19
a8GdGw3.jpg,Random,19
a8GdgWV.jpg,Random,19
a8GdGYe.jpg,Random,19
a8GdgYZ.jpg,Random,19
a8GdLRp.jpg,Random,19
a8GdmxQ.jpg,Random,19
a8GdmZQ.jpg,Random,19
a8GdN06.jpg,Random,19
a8GdN7p.jpg,Random,19
a8Gdn7Q.jpg,Random,19
a8GdNb3.jpg,Random,19
a8Gdnee.jpg,Random,19
a8GdNGV.jpg,Random,19
a8GdNK3.jpg,Random,19
a8GdNm6.jpg,Random,19
a8Gdnmd.jpg,Random,19
a8GdnMY.jpg,Random,19
a8GdNoY.jpg,Random,19
a8GdnrQ.jpg,Random,19
a8GdnvV.jpg,Random,19
a8GdNwd.jpg,Random,19
a8GdO0Z.jpg,Random,19
a8GdO93.jpg,Random,19
a8GdON3.jpg,Random,19
a8GdOv3.jpg,Random,19
a8Gdow6.jpg,Random,19
a8GdOYQ.jpg,Random,19
a8GdOZY.jpg,Random,19
a8GdpEd.jpg,Random,19
a8GdpLV.jpg,Random,19
a8GdpnZ.jpg,Random,19
a8Gdpxd.jpg,Random,19
a8GdQ3e.jpg,Random,19
a8GdQ6V.jpg,Random,19
a8GdQ7Y.jpg,Random,19
a8GdQ9d.jpg,Random,19
a8GdQBY.jpg,Random,19
a8GdQdp.jpg,Random,19
a8GdQK6.jpg,Random,19
a8GdQKp.jpg,Random,19
a8GdQr1.jpg,Random,19
a8GdQrY.jpg,Random,19
a8GdQvd.jpg,Random,19
a8GdQy3.jpg,Random,19
a8GdQY6.jpg,Random,19
a8GdQzQ.jpg,Random,19
a8GdR0Q.jpg,Random,19
a8GdR31.jpg,Random,19
a8GdR4O.jpg,Random,19
a8GdR5V.jpg,Random,19
a8GdR8Y.jpg,Random,19
a8GdR9Y.jpg,Random,19
a8GdRAp.jpg,Random,19
a8GdRBZ.jpg,Random,19
a8GdRdd.jpg,Random,19
a8GdREZ.jpg,Random,19
a8GdRgV.jpg,Random,19
a8GdRje.jpg,Random,19
a8GdRjO.jpg,Random,19
a8GdRLd.jpg,Random,19
a8GdRm6.jpg,Random,19
a8GdRmQ.jpg,Random,19
a8GdRnO.jpg,Random,19
a8GdRNY.jpg,Random,19
a8GdRO1.jpg,Random,19
a8GdRpY.jpg,Random,19
a8GdRrp.jpg,Random,19
a8GdRV3.jpg,Random,19
a8GdRVe.jpg,Random,19
a8GdRvY.jpg,Random,19
a8GdRXO.jpg,Random,19
a8GdRYe.jpg,Random,19
a8GdRze.jpg,Random,19
a8Gdv5d.jpg,Random,19
a8GdvAO.jpg,Random,19
a8GdVBO.jpg,Random,19
a8GdvE3.jpg,Random,19
a8GdveY.jpg,Random,19
a8GdvRd.jpg,Random,19
a8GdvYZ.jpg,Random,19
a8GdVz6.jpg,Random,19
a8Gdw76.jpg,Random,19
a8GdWoY.jpg,Random,19
a8Gdx03.jpg,Random,19
a8Gdx0e.jpg,Random,19
a8Gdx3p.jpg,Random,19
a8Gdx63.jpg,Random,19
a8Gdx6d.jpg,Random,19
a8GdX6p.jpg,Random,19
a8GdX9O.jpg,Random,19
a8GdxBQ.jpg,Random,19
a8GdXBV.jpg,Random,19
a8GdXD6.jpg,Random,19
a8GdXeQ.jpg,Random,19
a8Gdxgp.jpg,Random,19
a8GdXgY.jpg,Random,19
a8GdXje.jpg,Random,19
a8GdxKY.jpg,Random,19
a8GdxLO.jpg,Random,19
a8Gdxn1.jpg,Random,19
a8GdxOp.jpg,Random,19
a8GdXoY.jpg,Random,19
a8GdxPQ.jpg,Random,19
a8GdxvV.jpg,Random,19
a8GdxWY.jpg,Random,19
a8GdxXV.jpg,Random,19
a8GdxyZ.jpg,Random,19
a8Gdxz1.jpg,Random,19
a8GdxZQ.jpg,Random,19
a8Gdy2e.jpg,Random,19
a8Gdy41.jpg,Random,19
a8GdY7e.jpg,Random,19
a8Gdyde.jpg,Random,19
a8GdZ2p.jpg,Random,19
a8GdZ43.jpg,Random,19
a8GdZ71.jpg,Random,19
a8GdZ8e.jpg,Random,19
a8Gdz9p.jpg,Random,19
a8GdZd6.jpg,Random,19
a8GdZdp.jpg,Random,19
a8GdZEY.jpg,Random,19
a8GdZGY.jpg,Random,19
a8GdzjZ.jpg,Random,19
a8GdZL6.jpg,Random,19
a8GdzmO.jpg,Random,19
a8GdZnd.jpg,Random,19
a8GdZNe.jpg,Random,19
a8GdZOO.jpg,Random,19
a8GdZp3.jpg,Random,19
a8GdZQ3.jpg,Random,19
a8GdZv3.jpg,Random,19
a8GdZZY.jpg,Random,19
a9nj02K.jpg,Random,19
a9nj036.jpg,Random,19
a9nj07L.jpg,Random,19
a9nj0D0.jpg,Random,19
a9nj0Go.jpg,Random,19
a9nj0NL.jpg,Random,19
a9nj0z6.jpg,Random,19
a9nj12Z.jpg,Random,19
a9nj2bW.jpg,Random,19
a9nj46o.jpg,Random,19
a9nj491.jpg,Random,19
a9nj4bZ.jpg,Random,19
a9nj4MZ.jpg,Random,19
a9nj4oL.jpg,Random,19
a9nj4Pj.jpg,Random,19
a9nj4zo.jpg,Random,19
a9nj546.jpg,Random,19
a9nj6ED.jpg,Random,19
a9nj82m.jpg,Random,19
a9nj8DL.jpg,Random,19
a9nj8VL.jpg,Random,19
a9nj8YD.jpg,Random,19
a9nj8yZ.jpg,Random,19
a9njAZo.jpg,Random,19
a9njB5o.jpg,Random,19
a9njB6D.jpg,Random,19
a9njB8W.jpg,Random,19
a9njbEK.jpg,Random,19
a9njBem.jpg,Random,19
a9njbgj.jpg,Random,19
a9njBK0.jpg,Random,19
a9njBPj.jpg,Random,19
a9njBX6.jpg,Random,19
a9njBxL.jpg,Random,19
a9njDDK.jpg,Random,19
a9njDGD.jpg,Random,19
a9njDP0.jpg,Random,19
a9njDw1.jpg,Random,19
a9njDwL.jpg,Random,19
a9njDxo.jpg,Random,19
a9nje6L.jpg,Random,19
a9njeAj.jpg,Random,19
a9njeEm.jpg,Random,19
a9njEEW.jpg,Random,19
a9njeGj.jpg,Random,19
a9njEgo.jpg,Random,19
a9njemD.jpg,Random,19
a9njeMW.jpg,Random,19
a9njerZ.jpg,Random,19
a9njeV6.jpg,Random,19
a9njEXm.jpg,Random,19
a9njg0K.jpg,Random,19
a9njg2o.jpg,Random,19
a9njg4Z.jpg,Random,19
a9njg51.jpg,Random,19
a9njg61.jpg,Random,19
a9njg76.jpg,Random,19
a9njGe0.jpg,Random,19
a9njggm.jpg,Random,19
a9njgmD.jpg,Random,19
a9njgom.jpg,Random,19
a9njgpj.jpg,Random,19
a9njgrj.jpg,Random,19
a9njgv1.jpg,Random,19
a9njgxm.jpg,Random,19
a9njgyL.jpg,Random,19
a9njgzL.jpg,Random,19
a9njjoL.jpg,Random,19
a9njjpm.jpg,Random,19
a9njKbZ.jpg,Random,19
a9njKMj.jpg,Random,19
a9njL31.jpg,Random,19
a9njMgD.jpg,Random,19
a9njN0W.jpg,Random,19
a9njN80.jpg,Random,19
a9njNG6.jpg,Random,19
a9njNm0.jpg,Random,19
a9njNML.jpg,Random,19
a9njnoj.jpg,Random,19
a9njNPD.jpg,Random,19
a9njNpW.jpg,Random,19
a9njNvm.jpg,Random,19
a9njNXL.jpg,Random,19
a9njNZo.jpg,Random,19
a9njo0o.jpg,Random,19
a9njo2K.jpg,Random,19
a9njo2m.jpg,Random,19
a9njo3Z.jpg,Random,19
a9njO71.jpg,Random,19
a9njo7L.jpg,Random,19
a9njo8j.jpg,Random,19
a9njo8K.jpg,Random,19
a9njo96.jpg,Random,19
a9njo9W.jpg,Random,19
a9njoAD.jpg,Random,19
a9njobm.jpg,Random,19
a9njoD0.jpg,Random,19
a9njodm.jpg,Random,19
a9njoe1.jpg,Random,19
a9njoeD.jpg,Random,19
a9njoEW.jpg,Random,19
a9njoGo.jpg,Random,19
a9njojm.jpg,Random,19
a9njoKo.jpg,Random,19
a9njoM0.jpg,Random,19
a9njoNL.jpg,Random,19
a9njonW.jpg,Random,19
a9njooW.jpg,Random,19
a9njoPL.jpg,Random,19
a9njopo.jpg,Random,19
a9njor1.jpg,Random,19
a9njoRo.jpg,Random,19
a9njovj.jpg,Random,19
a9njoVL.jpg,Random,19
a9njoxW.jpg,Random,19
a9njoy6.jpg,Random,19
a9njoYL.jpg,Random,19
a9njozZ.jpg,Random,19
a9njpgo.jpg,Random,19
a9njpRo.jpg,Random,19
a9njR3L.jpg,Random,19
a9njR4Z.jpg,Random,19
a9njrKK.jpg,Random,19
a9njrN6.jpg,Random,19
a9njRo0.jpg,Random,19
a9njV1m.jpg,Random,19
a9njV5L.jpg,Random,19
a9njV7W.jpg,Random,19
a9njV9m.jpg,Random,19
a9njVBW.jpg,Random,19
a9njVNW.jpg,Random,19
a9njVRK.jpg,Random,19
a9njw3j.jpg,Random,19
a9njw5m.jpg,Random,19
a9njw6K.jpg,Random,19
a9njw9j.jpg,Random,19
a9njwbL.jpg,Random,19
a9njwK6.jpg,Random,19
a9njwXL.jpg,Random,19
a9njx06.jpg,Random,19
a9njx2L.jpg,Random,19
a9njx3K.jpg,Random,19
a9njx7o.jpg,Random,19
a9njxA6.jpg,Random,19
a9njxBD.jpg,Random,19
a9njxEj.jpg,Random,19
a9njxjL.jpg,Random,19
a9njxM1.jpg,Random,19
a9njxNo.jpg,Random,19
a9njxnZ.jpg,Random,19
a9njxO1.jpg,Random,19
a9njxoj.jpg,Random,19
a9njxPD.jpg,Random,19
a9njxqK.jpg,Random,19
a9njxRZ.jpg,Random,19
a9njxVD.jpg,Random,19
a9njxVo.jpg,Random,19
a9njxw6.jpg,Random,19
a9njXXD.jpg,Random,19
a9njxYo.jpg,Random,19
a9njxzK.jpg,Random,19
a9njxzm.jpg,Random,19
a9njY5Z.jpg,Random,19
a9njY66.jpg,Random,19
a9njY9W.jpg,Random,19
a9njyBD.jpg,Random,19
a9njYe1.jpg,Random,19
a9njYeL.jpg,Random,19
a9njyoj.jpg,Random,19
a9njYw1.jpg,Random,19
a9njyZW.jpg,Random,19
a9njZ3W.jpg,Random,19
a9njZbK.jpg,Random,19
a9njzD0.jpg,Random,19
a9njZeL.jpg,Random,19
a9njZKD.jpg,Random,19
a9njZno.jpg,Random,19
a9R39Mo.jpg,Random,19
a9R39Rj.jpg,Random,19
a9R3QAo.jpg,Random,19
aAeB14E.jpg,Random,19
aAeB1Dp.jpg,Random,19
aAeB2VZ.jpg,Random,19
aAeB3md.jpg,Random,19
aAeB4Ed.jpg,Random,19
aAeB4Pg.jpg,Random,19
aAeB4VR.jpg,Random,19
aAeB51R.jpg,Random,19
aAeB5Eo.jpg,Random,19
aAeB5QZ.jpg,Random,19
aAeB5RE.jpg,Random,19
aAeB6Yo.jpg,Random,19
aAeB710.jpg,Random,19
aAeB76R.jpg,Random,19
aAeB77o.jpg,Random,19
aAeB7GE.jpg,Random,19
aAeB7jE.jpg,Random,19
aAeB7nL.jpg,Random,19
aAeB7P0.jpg,Random,19
aAeB7q0.jpg,Random,19
aAeB7R9.jpg,Random,19
aAeB7Y9.jpg,Random,19
aAeB80d.jpg,Random,19
aAeB819.jpg,Random,19
aAeB830.jpg,Random,19
aAeB83Z.jpg,Random,19
aAeB850.jpg,Random,19
aAeB88o.jpg,Random,19
aAeB89Z.jpg,Random,19
aAeB8A0.jpg,Random,19
aAeB8Ap.jpg,Random,19
aAeB8dp.jpg,Random,19
aAeB8EL.jpg,Random,19
aAeB8eo.jpg,Random,19
aAeB8Go.jpg,Random,19
aAeB8jo.jpg,Random,19
aAeB8Lp.jpg,Random,19
aAeB8m9.jpg,Random,19
aAeB8MR.jpg,Random,19
aAeB8N9.jpg,Random,19
aAeB8P9.jpg,Random,19
aAeB8q9.jpg,Random,19
aAeB8Qd.jpg,Random,19
aAeB8Rg.jpg,Random,19
aAeB8RR.jpg,Random,19
aAeB8Vg.jpg,Random,19
aAeB8wp.jpg,Random,19
aAeB8x0.jpg,Random,19
aAeB8XR.jpg,Random,19
aAeB969.jpg,Random,19
aAeB9Gg.jpg,Random,19
aAeB9n2.jpg,Random,19
aAeB9n9.jpg,Random,19
aAeB9y9.jpg,Random,19
aAeBAAp.jpg,Random,19
aAeBAVg.jpg,Random,19
aAeBAyd.jpg,Random,19
aAeBAYg.jpg,Random,19
aAeBAzZ.jpg,Random,19
aAeBBAd.jpg,Random,19
aAeBD2R.jpg,Random,19
aAeBedp.jpg,Random,19
aAeBEjL.jpg,Random,19
aAeBEr0.jpg,Random,19
aAeBeXg.jpg,Random,19
aAeBg9d.jpg,Random,19
aAeBgbE.jpg,Random,19
aAeBgnR.jpg,Random,19
aAeBGpd.jpg,Random,19
aAeBGVo.jpg,Random,19
aAeBgZ0.jpg,Random,19
aAeBj00.jpg,Random,19
aAeBj2E.jpg,Random,19
aAeBj59.jpg,Random,19
aAeBj6Z.jpg,Random,19
aAeBj7g.jpg,Random,19
aAeBjBE.jpg,Random,19
aAeBjbp.jpg,Random,19
aAeBjD2.jpg,Random,19
aAeBjdg.jpg,Random,19
aAeBjep.jpg,Random,19
aAeBjGp.jpg,Random,19
aAeBjjp.jpg,Random,19
aAeBjKo.jpg,Random,19
aAeBjLg.jpg,Random,19
aAeBjmR.jpg,Random,19
aAeBjn0.jpg,Random,19
aAeBjnZ.jpg,Random,19
aAeBjpR.jpg,Random,19
aAeBjQZ.jpg,Random,19
aAeBjrL.jpg,Random,19
aAeBjW0.jpg,Random,19
aAeBjx2.jpg,Random,19
aAeBjx9.jpg,Random,19
aAeBjz9.jpg,Random,19
aAeBKv2.jpg,Random,19
aAeBKw0.jpg,Random,19
aAeBL02.jpg,Random,19
aAeBL9L.jpg,Random,19
aAeBLbg.jpg,Random,19
aAeBLLd.jpg,Random,19
aAeBLro.jpg,Random,19
aAeBLWg.jpg,Random,19
aAeBLzR.jpg,Random,19
aAeBm1p.jpg,Random,19
aAeBm7Z.jpg,Random,19
aAeBmAo.jpg,Random,19
aAeBMAR.jpg,Random,19
aAeBmER.jpg,Random,19
aAeBMj9.jpg,Random,19
aAeBmP0.jpg,Random,19
aAeBmq0.jpg,Random,19
aAeBmX9.jpg,Random,19
aAeBmyL.jpg,Random,19
aAeBNBL.jpg,Random,19
aAeBNGo.jpg,Random,19
aAeBNmg.jpg,Random,19
aAeBNN2.jpg,Random,19
