a0Nv0Pd,19,0
a0Nv1bq,19,0
a0Nv1jn,19,0
a0Nv3ed,19,0
a0Nv4Yv,19,0
a0Nv7Vn,19,0
a0Nv85Q,19,0
a0Nv9nL,19,0
a0NvB0n,19,0
a0NvB3X,19,0
a0NvB4v,19,0
a0NvB5d,19,0
a0NvB8L,19,0
a0NvBEL,19,0
a0NvBev,19,0
a0NvBjB,19,0
a0NvbKn,19,0
a0NvbMX,19,0
a0NvBoQ,19,0
a0NvBOZ,19,0
a0NvBqd,19,0
a0NvBrz,19,0
a0NvBVn,19,0
a0NvBwZ,19,0
a0NvBxO,19,0
a0NvBXQ,19,0
a0NvD5L,19,0
a0NvdGL,19,0
a0NvDLn,19,0
a0NvDNO,19,0
a0NvDpq,19,0
a0NvDZB,19,0
a0NveAq,19,0
a0NvenO,19,0
a0Nvezz,19,0
a0Nvg8O,19,0
a0NvG9X,19,0
a0NvgDX,19,0
a0NvgEO,19,0
a0NvGjv,19,0
a0NvGqn,19,0
a0NvgVL,19,0
a0Nvgyv,19,0
a0NvGzv,19,0
a0Nvj2z,19,0
a0NvKbB,19,0
a0NvMxB,19,0
a0NvN4q,19,0
a0NvNEB,19,0
a0NvnEn,19,0
a0NvNnO,19,0
a0NvNRQ,19,0
a0NvOLL,19,0
a0NvovL,19,0
a0NvOWZ,19,0
a0NvpZQ,19,0
a0NvQ9Q,19,0
a0NvQGL,19,0
a0NvqKd,19,0
a0NvQmd,19,0
a0NvqNX,19,0
a0NvqpO,19,0
a0NvqwZ,19,0
a0NvQxq,19,0
a0NvqzO,19,0
a0Nvr2n,19,0
a0Nvr6Z,19,0
a0Nvr7n,19,0
a0Nvr8B,19,0
a0NvrBn,19,0
a0NvrDz,19,0
a0Nvrmq,19,0
a0Nvrqv,19,0
a0NvrWX,19,0
a0NvrZn,19,0
a0NvV3L,19,0
a0Nvw3Z,19,0
a0Nvw7O,19,0
a0NvW9O,19,0
a0NvWDX,19,0
a0NvWen,19,0
a0NvWjd,19,0
a0NvWpd,19,0
a0NvwrO,19,0
a0NvWRv,19,0
a0Nvwxn,19,0
a0NvWzd,19,0
a0Nvx2L,19,0
a0Nvx8d,19,0
a0NvxGQ,19,0
a0NvxKn,19,0
a0NvxNq,19,0
a0Nvxvd,19,0
a0NvxVO,19,0
a0NvXwq,19,0
a0NvxXO,19,0
a0Nvy1X,19,0
a0Nvy5n,19,0
a0Nvy6d,19,0
a0Nvy8X,19,0
a0Nvygn,19,0
a0NvYMX,19,0
a0NvyNL,19,0
a0NvyoO,19,0
a0NvyOz,19,0
a0Nvypv,19,0
a0NvyPz,19,0
a0NvyrL,19,0
a0NvyVB,19,0
a0NvYvd,19,0
a0NvyvX,19,0
a0NvyXB,19,0
a0Nvyxv,19,0
a0NvyZZ,19,0
a0NvzbB,19,0
a0NvzjO,19,0
a0Nvznn,19,0
a0NvZOn,19,0
a0NvzQd,19,0
a0NvzwL,19,0
a0NvzXv,19,0
a0RmAKX,19,0
a0RmmjZ,19,0
a1R4z4D,19,0
a1R4zjw,19,0
a1Wp0BG,19,0
a1Wp1Yv,19,0
a1Wp22G,19,0
a1Wp2R2,19,0
a1Wp32w,19,0
a1Wp35P,19,0
a1Wp36v,19,0
a1Wp3b8,19,0
a1Wp3BD,19,0
a1Wp3dD,19,0
a1Wp3DY,19,0
a1Wp3K8,19,0
a1Wp3Lw,19,0
a1Wp3m6,19,0
a1Wp3Mb,19,0
a1Wp3rR,19,0
a1Wp3Rv,19,0
a1Wp3WR,19,0
a1Wp3yR,19,0
a1Wp67w,19,0
a1Wp6DG,19,0
a1Wp6mP,19,0
a1Wp6Nw,19,0
a1Wp6o2,19,0
a1Wp6pb,19,0
a1Wp6PP,19,0
a1Wp71b,19,0
a1Wp7O2,19,0
a1Wp7pR,19,0
a1Wp85G,19,0
a1Wp8bR,19,0
a1Wp908,19,0
a1Wp93w,19,0
a1Wp94b,19,0
a1Wp9AR,19,0
a1Wp9gP,19,0
a1Wp9LR,19,0
a1Wp9M6,19,0
a1Wp9mb,19,0
a1Wp9ND,19,0
a1Wp9rG,19,0
a1Wp9x6,19,0
a1Wp9yG,19,0
a1WpAdP,19,0
a1WpB0D,19,0
a1WpB58,19,0
a1WpB6P,19,0
a1WpB9w,19,0
a1WpBKY,19,0
a1WpBq2,19,0
a1WpBQP,19,0
a1WpBX6,19,0
a1WpDRR,19,0
a1WpE8P,19,0
a1WpeNP,19,0
a1Wper6,19,0
a1Wpg6b,19,0
a1Wpg9D,19,0
a1WpgBw,19,0
a1WpggG,19,0
a1WpgKG,19,0
a1WpgP8,19,0
a1WpgrD,19,0
a1WpgyD,19,0
a1WpjjP,19,0
a1WpjQP,19,0
a1Wpjx2,19,0
a1WpjX6,19,0
a1WpKxP,19,0
a1WpM22,19,0
a1Wpm98,19,0
a1WpMv6,19,0
a1WpmvY,19,0
a1Wpnj8,19,0
a1WpnP2,19,0
a1WpNrP,19,0
a1WpnrR,19,0
a1WpNRY,19,0
a1Wpnz2,19,0
a1WpOeR,19,0
a1WpOV8,19,0
a1WpP12,19,0
a1WppEb,19,0
a1Wpq3b,19,0
a1Wpq8w,19,0
a1Wpq9D,19,0
a1WpQBv,19,0
a1WpqrD,19,0
a1WpqwY,19,0
a1WpROG,19,0
a1WpV28,19,0
a1Wpv9v,19,0
a1WpvEP,19,0
a1WpvoD,19,0
a1WpVOv,19,0
a1Wpw96,19,0
a1WpweD,19,0
a1WpwLb,18,1
a1WpwR2,2,1
a1WpwVG,19,0
a1WpwW6,19,0
a1Wpx1R,19,0
a1Wpx72,19,0
a1Wpx8b,19,0
a1WpxLP,19,0
a1WpxN6,19,0
a1Wpxo8,19,0
a1WpxpP,19,0
a1Wpy3D,19,0
a1Wpy52,19,0
a1Wpy7v,19,0
a1Wpy8G,19,0
a1Wpy98,19,0
a1WpybG,19,0
a1WpyeP,19,0
a1Wpymv,19,0
a1WpyMw,19,0
a1WpynG,19,0
a1Wpyob,19,0
a1WpyQb,19,0
a1WpyWD,19,0
a1WpyxP,19,0
a1WpyXw,19,0
a1WpyyD,19,0
a1WpyYP,19,0
a1WpZWP,19,0
a2RQBvw,19,0
a2RQQ8d,19,0
a2RQQdD,19,0
a2WE0nE,19,0
a2WE1eY,19,0
a2WE319,19,0
a2WE35O,19,0
a2WE39O,19,0
a2WE3Ae,19,0
a2WE3e9,19,0
a2WE3Ep,19,0
a2WE3NY,19,0
a2WE3q1,19,0
a2WE3QE,19,0
a2WE3Rw,19,0
a2WE3Ww,19,0
a2WE3Y1,19,0
a2WE3Zd,19,0
a2WE43w,19,0
a2WE4Ep,19,0
a2WE4PY,19,0
a2WE4Ve,19,0
a2WE61D,19,0
a2WE62O,19,0
a2WE63Z,19,0
a2WE649,19,0
a2WE66E,19,0
a2WE68Y,19,0
a2WE6Aw,19,0
a2WE6eZ,19,0
a2WE6md,19,0
a2WE6Mp,19,0
a2WE6Ne,19,0
a2WE6Oe,19,0
a2WE6Qp,19,0
a2WE6r9,19,0
a2WE6V9,19,0
a2WE6y1,19,0
a2WE6ZE,19,0
a2WE6zO,19,0
a2WE8A9,19,0
a2WE91e,19,0
a2WE98w,19,0
a2WE9oY,19,0
a2WE9wd,19,0
a2WEA9E,19,0
a2WEAQ1,19,0
a2WEArZ,19,0
a2WEAzd,19,0
a2WEdv1,19,0
a2WEe09,19,0
a2WEe2E,19,0
a2WEe41,19,0
a2WEe7e,19,0
a2WEeAY,19,0
a2WEeDE,19,0
a2WEEgE,19,0
a2WEeMw,19,0
a2WEeNZ,19,0
a2WEeo1,19,0
a2WEePD,19,0
a2WEevd,19,0
a2WEEvY,19,0
a2WEeWe,19,0
a2WEeww,19,0
a2WEexp,19,0
a2WEezZ,19,0
a2WEg5O,19,0
a2WEG6D,19,0
a2WEGDe,19,0
a2WEGXD,19,0
a2WEgYY,19,0
a2WEGZD,19,0
a2WEjB9,19,0
a2WEjK9,19,0
a2WEjv9,19,0
a2WEK2O,19,0
a2WEmVO,19,0
a2WEmwE,19,0
a2WEMyE,19,0
a2WENKw,19,0
a2WEO61,19,0
a2WEO8d,19,0
a2WEOXY,19,0
a2WEoYD,19,0
a2WEozE,19,0
a2WEp3O,19,0
a2WEpEE,19,0
a2WEPKe,19,0
a2WEpYD,19,0
a2WEqnZ,19,0
a2WEqOO,19,0
a2WEqp9,19,0
a2WErp9,19,0
a2WERPe,19,0
a2WEV21,19,0
a2WEv39,19,0
a2WEV9d,19,0
a2WEVE1,19,0
a2WEVrw,19,0
a2WEVYe,5,1
a2WEx4w,19,0
a2WEx5d,19,0
a2WEx8p,19,0
a2WEXRp,19,0
a2WExvD,19,0
a2WExxe,19,0
a2WEXY9,19,0
a2WEY8O,19,0
a2WEYbd,19,0
a2WEymY,19,0
a2WEYQY,19,0
a2WEzeE,19,0
a2WEzGO,19,0
a2WEzme,19,0
a3Romz5,19,0
a3RooKr,19,0
a3RooYe,19,0
a3wv008,19,0
a3wv0vr,19,0
a3wv1K8,19,0
a3wv24r,19,0
a3wv2wQ,19,0
a3wv301,19,0
a3wv38N,19,0
a3wv3QQ,19,0
a3wv615,19,0
a3wv628,19,0
a3wv64e,19,0
a3wv65v,19,0
a3wv69e,19,0
a3wv6e1,19,0
a3wv6E5,19,0
a3wv6L3,19,0
a3wv6m5,19,0
a3wv6n3,19,0
a3wv6p1,19,0
a3wv6V5,19,0
a3wv6Wr,19,0
a3wv6x3,19,0
a3wv6Yr,19,0
a3wv6Ze,19,0
a3wv8M8,19,0
a3wv8Qr,19,0
a3wvBP8,19,0
a3wvbV7,19,0
a3wvbxr,19,0
a3wvD58,19,0
a3wvDEv,19,0
a3wvDLm,19,0
a3wvDW1,19,0
a3wvdYe,19,0
a3wvdz8,19,0
a3wve3v,19,0
a3wve9N,19,0
a3wvem1,19,0
a3wvEp8,19,0
a3wveVN,19,0
a3wveZN,19,0
a3wvGG7,13,1
a3wvgj1,19,0
a3wvGo7,19,0
a3wvKB8,19,0
a3wvm1m,19,0
a3wvm3Q,19,0
a3wvm9m,19,0
a3wvMAv,19,0
a3wvMbr,19,0
a3wvmdQ,19,0
a3wvmEN,19,0
a3wvmer,19,0
a3wvmK3,19,0
a3wvmL8,19,0
a3wvmmN,19,0
a3wvmnQ,19,0
a3wvmO1,19,0
a3wvmPv,19,0
a3wvmR1,19,0
a3wvmX1,19,0
a3wvmYv,19,0
a3wvmZm,19,0
a3wvmzr,19,0
a3wvn01,19,0
a3wvnA1,19,0
a3wvngv,19,0
a3wvnKv,19,0
a3wvnMv,19,0
a3wvnRQ,19,0
a3wvnvm,19,0
a3wvnyN,19,0
a3wvO0N,19,0
a3wvO43,19,0
a3wvO93,19,0
a3wvOG1,19,0
a3wvOMQ,19,0
a3wvOpe,19,0
a3wvp0v,19,0
a3wvp2Q,19,0
a3wvpD1,19,0
a3wvpe3,19,0
a3wvPEe,19,0
a3wvpP8,19,0
a3wvpQm,19,0
a3wvpZ5,19,0
a3wvQ6r,19,0
a3wvr4m,19,0
a3wvR6v,19,0
a3wvr8e,19,0
a3wvr9m,19,0
a3wvrr3,19,0
a3wvvA3,19,0
a3wvw4e,19,0
a3wvW7m,19,0
a3wvwDN,19,0
a3wvWX5,19,0
a3wvX48,19,0
a3wvX77,19,0
a3wvX83,19,0
a3wvXAr,19,0
a3wvXD5,19,0
a3wvXdN,19,0
a3wvxem,19,0
a3wvXj7,19,0
a3wvXKe,19,0
a3wvXLm,19,0
a3wvxLN,19,0
a3wvXM5,19,0
a3wvXNN,19,0
a3wvXQe,19,0
a3wvXre,19,0
a3wvXVQ,19,0
a3wvXy3,19,0
a3wvxyr,19,0
a3wvY45,19,0
a3wvz51,19,0
a3wvzd7,19,0
a3wvzgv,19,0
a3wvzOQ,19,0
a43p00Z,19,0
a43p0Bw,19,0
a43p0gv,19,0
a43p0QZ,19,0
a43p0X6,19,0
a43p1py,19,0
a43p2vZ,19,0
a43p3ZQ,19,0
a43p59Z,19,0
a43p5Aw,19,0
a43p5QQ,19,0
a43p6rw,19,0
a43p6vm,19,0
a43p8gd,19,0
a43p8Q1,19,0
a43p8wQ,19,0
a43p8Xw,19,0
a43p9rv,19,0
a43pb1v,19,0
a43pB3Z,19,0
a43pb5m,19,0
a43pb6Z,19,0
a43pbDv,19,0
a43pBKy,19,0
a43pBXZ,19,0
a43pd8w,19,0
a43pEMy,19,0
a43pErZ,19,0
a43pg96,19,0
a43pGmp,19,0
a43pjoQ,19,0
a43pLMv,19,0
a43pm21,19,0
a43pm5d,19,0
a43pmAd,19,0
a43pmDQ,19,0
a43pmg6,19,0
a43pmLv,19,0
a43pmVv,19,0
a43pn4v,19,0
a43pn6d,19,0
a43pN7y,19,0
a43pNBA,13,1
a43pNLp,19,0
a43pnvA,19,0
a43pO3w,19,0
a43pO66,19,0
a43pO71,19,0
a43po9A,19,0
a43pOKp,19,0
a43pOLA,19,0
a43pOmy,19,0
a43pONm,19,0
a43pOnZ,19,0
a43pOOw,19,0
a43pOvv,19,0
a43pOwQ,19,0
a43pOYy,19,0
a43pp7w,19,0
a43pp9y,19,0
a43pprd,19,0
a43pPYp,19,0
a43pqYQ,19,0
a43pr7Q,19,0
a43pr96,19,0
a43prd6,19,0
a43pRgd,19,0
a43pV16,19,0
a43pv1A,19,0
a43pv3Q,19,0
a43pV9y,19,0
a43pvA1,19,0
a43pvEQ,19,0
a43pvLZ,19,0
a43pvMy,19,0
a43pvNd,19,0
a43pVnm,19,0
a43pVNp,19,0
a43pvoA,19,0
a43pvOp,19,0
a43pvpw,19,0
a43pvPy,19,0
a43pvQp,19,0
a43pvqw,19,0
a43pvrZ,19,0
a43pvWv,19,0
a43pvxZ,19,0
a43pVZ1,19,0
a43pvzd,19,0
a43pW2v,19,0
a43pwg6,19,0
a43pwLv,19,0
a43pwNy,19,0
a43px4p,19,0
a43pX8Q,19,0
a43pX9m,19,0
a43pXAZ,19,0
a43pXBQ,19,0
a43pXDd,19,0
a43pxDw,19,0
a43pXe1,19,0
a43pXmp,19,0
a43pxMv,19,0
a43pXNv,19,0
a43pXP1,19,0
a43pxPv,19,0
a43pXq6,19,0
a43pXrp,19,0
a43pXRy,19,0
a43pXVm,6,1
a43pXW6,19,0
a43pxX1,19,0
a43pXyA,19,0
a43pXYp,19,0
a43pXZQ,19,0
a43py21,19,0
a43py9v,19,0
a43pyb6,19,0
a43pyGm,19,0
a43pyWw,19,0
a43pzjd,19,0
a43pZOZ,19,0
a4RMDow,19,0
a4RMex6,19,0
a5RL8eN,19,0
a5RLL1q,19,0
a5RLLqL,19,0
a5Wp01G,19,0
a5Wp03L,19,0
a5Wp0Ay,19,0
a5Wp0BN,19,0
a5Wp0dO,19,0
a5Wp0Eo,19,0
a5Wp0gy,19,0
a5Wp0Lg,19,0
a5Wp0NO,19,0
a5Wp0ny,19,0
a5Wp0Oo,19,0
a5Wp0pq,19,0
a5Wp0Qg,19,0
a5Wp0vV,19,0
a5Wp0Wo,19,0
a5Wp0XG,19,0
a5Wp0YL,19,0
a5Wp1gG,6,1
a5Wp30q,19,0
a5Wp33E,19,0
a5Wp38O,19,0
a5Wp3KG,19,0
a5Wp3zL,19,0
a5Wp40q,19,0
a5Wp49N,19,0
a5Wp4bN,19,0
a5Wp4DG,19,0
a5Wp4EO,19,0
a5Wp4gE,19,0
a5Wp4Mq,19,0
a5Wp4mr,19,0
a5Wp4OO,19,0
a5Wp4PG,19,0
a5Wp4VV,19,0
a5Wp4xg,19,0
a5Wp4Xr,19,0
a5Wp4zL,19,0
a5Wp4ZN,19,0
a5Wp54q,19,0
a5Wp5Ag,19,0
a5Wp5eL,19,0
a5Wp6pV,19,0
a5Wp6RN,19,0
a5Wp9no,19,0
a5Wp9VE,19,0
a5Wp9xy,19,0
a5WpAEo,19,0
a5WpAjq,13,1
a5WpAvr,19,0
a5WpAXG,19,0
a5WpAYL,19,0
a5WpB0o,19,0
a5WpD3o,19,0
a5WpD4g,19,0
a5Wpd9E,19,0
a5WpDgo,19,0
a5WpdNg,19,0
a5WpDOg,19,0
a5WpDYG,19,0
a5WpE6V,19,0
a5WpePq,19,0
a5WpeYy,19,0
a5WpEZN,19,0
a5Wpg0r,19,0
a5Wpg8y,19,0
a5WpgLL,19,0
a5Wpgmy,19,0
a5WpgzG,19,0
a5WpK2E,19,0
a5WpKnV,19,0
a5WpKqq,19,0
a5WpMgG,19,0
a5WpMVq,19,0
a5WpnDN,19,0
a5WpNQO,19,0
a5WpNxo,19,0
a5WpO0V,19,0
a5WpO6o,19,0
a5WpOBo,19,0
a5WpODE,19,0
a5WpOEy,19,0
a5WpOmL,19,0
a5WpOMr,19,0
a5WpOpg,19,0
a5WpOQL,19,0
a5WpoVr,19,0
a5WpOWV,19,0
a5WpOyq,19,0
a5WpPBq,19,0
a5WppEg,19,0
a5Wprrg,19,0
a5Wpv2L,19,0
a5Wpv3N,19,0
a5WpV5G,19,0
a5WpvBV,19,0
a5WpvDo,19,0
a5WpvEq,19,0
a5WpvKG,19,0
a5WpvoN,19,0
a5WpvRE,19,0
a5WpvwV,19,0
a5WpW6o,19,0
a5Wpw7O,19,0
a5WpxbV,19,0
a5Wpxmo,19,0
a5WpxxO,19,0
a5WpxZr,19,0
a5WpXZy,19,0
a5Wpy8V,19,0
a5Wpy9q,19,0
a5WpYDy,19,0
a5WpyPN,19,0
a5WpYQE,19,0
a5WpyRr,19,0
a5WpyxN,19,0
a6Kr05N,19,0
a6Kr08L,19,0
a6Kr0jR,19,0
a6Kr0Nb,19,0
a6Kr0oA,19,0
a6Kr0P9,19,0
a6Kr0r2,19,0
a6Kr0ve,19,0
a6Kr0We,19,0
a6Kr0wR,19,0
a6Kr0xL,19,0
a6Kr0Yb,19,0
a6Kr0Ze,19,0
a6Kr20N,19,0
a6Kr32N,19,0
a6Kr34L,19,0
a6Kr3Ab,19,0
a6Kr3BN,19,0
a6Kr3j2,19,0
a6Kr3NA,19,0
a6Kr3nm,19,0
a6Kr3o8,19,0
a6Kr3Pb,19,0
a6Kr3RA,19,0
a6Kr3yR,19,0
a6Kr42e,19,0
a6Kr48m,19,0
a6Kr4A8,19,0
a6Kr4e2,19,0
a6Kr4Pq,19,0
a6Kr4WA,19,0
a6Kr5rR,19,0
a6Kr66L,19,0
a6Kr7eq,19,0
a6Kr7v9,19,0
a6Kr86m,19,0
a6Kr8rA,19,0
a6Kr8x9,19,0
a6KrB0L,19,0
a6KrBEL,19,0
a6KrBoR,19,0
a6KrbxA,19,0
a6KrdVR,19,0
a6Kre58,19,0
a6KreAR,19,0
a6Krebm,19,0
a6Kregm,19,0
a6KreON,19,0
a6KrEvA,19,0
a6KreVm,19,0
a6KrEyN,19,0
a6KreZL,19,0
a6Krg0b,19,0
a6Krg22,19,0
a6Krg5m,19,0
a6KrG8m,19,0
a6KrGb2,19,0
a6KrgKb,19,0
a6KrGoR,19,0
a6KrGwe,19,0
a6KrK7q,19,0
a6KrLYe,19,0
a6Krn7R,19,0
a6KrnD9,19,0
a6Kro9b,19,0
a6KrP32,19,0
a6KrP4R,19,0
a6KrP6L,19,0
a6KrPeR,19,0
a6KrPP8,19,0
a6KrPpm,19,0
a6KrPqA,19,0
a6KrPQR,19,0
a6KrPRq,19,0
a6KrpwL,19,0
a6KrPwm,19,0
a6KrPXb,19,0
a6KrR0R,19,0
a6KrRKR,19,0
a6KrRO2,19,0
a6KrRoN,19,0
a6KrVDe,19,0
a6KrVRA,19,0
a6Krw4L,19,0
a6KrwQL,19,0
a6KrX1L,19,0
a6Krx4A,19,0
a6KrxAm,19,0
a6Krxbb,19,0
a6Krxdq,19,0
a6Krxjq,19,0
a6Krxqm,19,0
a6KrxR9,19,0
a6KrxX2,19,0
a6KrxZN,19,0
a6KrY1N,19,0
a6KrY2q,19,0
a6KrY4b,19,0
a6KrY6e,19,0
a6KrYg9,19,0
a6KrYLA,19,0
a6KrYMb,19,0
a6KrYnL,19,0
a6KrYoe,19,0
a6KrYRe,19,0
a6KrYxA,19,0
a6KrYXR,19,0
a6KrYyA,19,0
a6Krz1m,19,0
a6KrZ8L,19,0
a6Krzpq,19,0
a6KrzqN,19,0
a6KrzRe,19,0
a6Krzy8,19,0
a6NWvBm,19,0
a7Wv0rA,19,0
a7Wv0Xz,19,0
a7Wv0ZA,19,0
a7Wv1nr,19,0
a7Wv2LA,19,0
a7Wv3W2,19,0
a7Wv69L,19,0
a7Wv6Ez,19,0
a7Wv6qr,19,0
a7Wv7Bb,19,0
a7Wv7bx,19,0
a7Wv89m,19,0
a7Wv94b,19,0
a7Wv9Ke,19,0
a7Wv9X2,19,0
a7WvA9q,19,0
a7WvADm,19,0
a7WvAEw,19,0
a7WvAnz,19,0
a7WvArm,19,0
a7WvAz2,19,0
a7WvAZe,19,0
a7WvB9x,19,0
a7WvBjL,19,0
a7WvbKb,19,0
a7Wvbrz,19,0
a7WvBWm,19,0
a7WvDGx,19,0
a7WvDoe,19,0
a7WvdWb,19,0
a7WvG1m,19,0
a7WvG3r,19,0
a7Wvg52,19,0
a7WvG8L,19,0
a7WvgDq,19,0
a7WvGGq,19,0
a7WvGjL,19,0
a7WvgLw,19,0
a7WvGmz,19,0
a7WvGXr,19,0
a7WvgYz,19,0
a7WvLYe,19,0
a7Wvmeb,19,0
a7WvmxL,19,0
a7Wvmz2,19,0
a7Wvn7L,19,0
a7Wvn9r,19,0
a7Wvng2,19,0
a7Wvnpe,19,0
a7WvnX2,19,0
a7Wvnxx,19,0
a7WvOjb,19,0
a7WvP8A,19,0
a7WvPnm,19,0
a7WvPqq,19,0
a7WvPWb,19,0
a7WvPXx,19,0
a7WvPZw,19,0
a7WvQ0r,19,0
a7WvQ1A,19,0
a7WvQ3b,19,0
a7WvQ6w,19,0
a7WvQ8z,19,0
a7WvQbw,19,0
a7WvQDx,19,0
a7WvqEL,19,0
a7WvQEq,19,0
a7WvQer,19,0
a7WvQm2,19,0
a7WvQoz,19,0
a7WvQVe,19,0
a7WvQvm,19,0
a7WvQwb,19,0
a7WvQZ2,19,0
a7WvR3e,19,0
a7WvRBr,19,0
a7WvRDr,19,0
a7WvRdz,19,0
a7WvRGA,19,0
a7WvRjw,19,0
a7WvRKq,19,0
a7WvRMe,19,0
a7Wvrnq,19,0
a7WvRO2,19,0
a7WvRRm,19,0
a7WvRwm,19,0
a7WvRzL,19,0
a7WvVOr,19,0
a7WvvRL,19,0
a7WvwXe,19,0
a7Wvx6e,8,1
a7Wvx9A,19,0
a7WvxE2,19,0
a7WvxQ2,19,0
a7WvY1r,19,0
a7WvY6b,19,0
a7WvY7b,19,0
a7WvY9w,19,0
a7WvyBm,19,0
a7WvYdb,19,0
a7WvYje,19,0
a7WvYKx,19,0
a7WvYN2,19,0
a7WvYnx,19,0
a7WvYoe,19,0
a7WvYqe,19,0
a7WvYVL,19,0
a7WvYvw,19,0
a7WvYwz,19,0
a7WvYyx,19,0
a85rP0p,19,0
a85rPZ1,19,0
a85rrDV,19,0
a85rrx3,19,0
a85rrZe,19,0
a8Gd0y1,19,0
a8Gd1LV,19,0
a8Gd1od,19,0
a8Gd3np,19,0
a8Gd40V,19,0
a8Gd40Z,19,0
a8Gd5xp,19,0
a8Gd5Z6,19,0
a8Gd6R3,19,0
a8Gd76Q,19,0
a8Gd7ed,19,0
a8Gd8RV,19,0
a8Gd8ze,19,0
a8Gd916,19,0
a8Gd941,19,0
a8Gd9ee,19,0
a8Gd9OZ,19,0
a8Gd9QV,19,0
a8Gd9yZ,19,0
a8GdA3O,19,0
a8Gdb1O,19,0
a8GdbLp,19,0
a8GdDd6,19,0
a8GdDdQ,19,0
a8GdDLQ,19,0
a8Gddpp,19,0
a8GdDQe,19,0
a8GddYV,19,0
a8GdE7V,19,0
a8GdeLZ,19,0
a8GdeQQ,19,0
a8GdEZY,19,0
a8Gdg3d,19,0
a8Gdg8Q,19,0
a8GdgBe,19,0
a8GdgbZ,19,0
a8Gdgjp,19,0
a8GdgKZ,19,0
a8GdgQ6,19,0
a8GdgrO,19,0
a8GdGw3,19,0
a8GdgWV,19,0
a8GdGYe,19,0
a8GdgYZ,19,0
a8GdLRp,19,0
a8GdmxQ,19,0
a8GdmZQ,19,0
a8GdN06,19,0
a8GdN7p,8,1
a8Gdn7Q,19,0
a8GdNb3,19,0
a8Gdnee,19,0
a8GdNGV,19,0
a8GdNK3,19,0
a8GdNm6,19,0
a8Gdnmd,19,0
a8GdnMY,19,0
a8GdNoY,19,0
a8GdnrQ,19,0
a8GdnvV,19,0
a8GdNwd,19,0
a8GdO0Z,19,0
a8GdO93,19,0
a8GdON3,19,0
a8GdOv3,19,0
a8Gdow6,19,0
a8GdOYQ,19,0
a8GdOZY,19,0
a8GdpEd,19,0
a8GdpLV,19,0
a8GdpnZ,19,0
a8Gdpxd,19,0
a8GdQ3e,19,0
a8GdQ6V,19,0
a8GdQ7Y,19,0
a8GdQ9d,19,0
a8GdQBY,19,0
a8GdQdp,19,0
a8GdQK6,19,0
a8GdQKp,19,0
a8GdQr1,19,0
a8GdQrY,19,0
a8GdQvd,19,0
a8GdQy3,19,0
a8GdQY6,19,0
a8GdQzQ,19,0
a8GdR0Q,19,0
a8GdR31,19,0
a8GdR4O,19,0
a8GdR5V,19,0
a8GdR8Y,19,0
a8GdR9Y,19,0
a8GdRAp,19,0
a8GdRBZ,19,0
a8GdRdd,19,0
a8GdREZ,19,0
a8GdRgV,19,0
a8GdRje,19,0
a8GdRjO,19,0
a8GdRLd,19,0
a8GdRm6,19,0
a8GdRmQ,19,0
a8GdRnO,19,0
a8GdRNY,19,0
a8GdRO1,19,0
a8GdRpY,19,0
a8GdRrp,19,0
a8GdRV3,19,0
a8GdRVe,19,0
a8GdRvY,19,0
a8GdRXO,19,0
a8GdRYe,19,0
a8GdRze,19,0
a8Gdv5d,19,0
a8GdvAO,19,0
a8GdVBO,19,0
a8GdvE3,19,0
a8GdveY,19,0
a8GdvRd,19,0
a8GdvYZ,19,0
a8GdVz6,19,0
a8Gdw76,19,0
a8GdWoY,19,0
a8Gdx03,19,0
a8Gdx0e,19,0
a8Gdx3p,19,0
a8Gdx63,19,0
a8Gdx6d,19,0
a8GdX6p,19,0
a8GdX9O,19,0
a8GdxBQ,19,0
a8GdXBV,19,0
a8GdXD6,19,0
a8GdXeQ,19,0
a8Gdxgp,19,0
a8GdXgY,19,0
a8GdXje,19,0
a8GdxKY,19,0
a8GdxLO,19,0
a8Gdxn1,19,0
a8GdxOp,19,0
a8GdXoY,19,0
a8GdxPQ,19,0
a8GdxvV,19,0
a8GdxWY,19,0
a8GdxXV,19,0
a8GdxyZ,19,0
a8Gdxz1,19,0
a8GdxZQ,19,0
a8Gdy2e,19,0
a8Gdy41,19,0
a8GdY7e,19,0
a8Gdyde,19,0
a8GdZ2p,19,0
a8GdZ43,19,0
a8GdZ71,19,0
a8GdZ8e,19,0
a8Gdz9p,19,0
a8GdZd6,19,0
a8GdZdp,19,0
a8GdZEY,19,0
a8GdZGY,19,0
a8GdzjZ,19,0
a8GdZL6,19,0
a8GdzmO,19,0
a8GdZnd,19,0
a8GdZNe,19,0
a8GdZOO,19,0
a8GdZp3,19,0
a8GdZQ3,19,0
a8GdZv3,19,0
a8GdZZY,19,0
a9nj02K,19,0
a9nj036,19,0
a9nj07L,19,0
a9nj0D0,19,0
a9nj0Go,19,0
a9nj0NL,19,0
a9nj0z6,19,0
a9nj12Z,19,0
a9nj2bW,19,0
a9nj46o,19,0
a9nj491,19,0
a9nj4bZ,19,0
a9nj4MZ,19,0
a9nj4oL,19,0
a9nj4Pj,19,0
a9nj4zo,19,0
a9nj546,19,0
a9nj6ED,19,0
a9nj82m,19,0
a9nj8DL,19,0
a9nj8VL,19,0
a9nj8YD,19,0
a9nj8yZ,19,0
a9njAZo,19,0
a9njB5o,19,0
a9njB6D,19,0
a9njB8W,19,0
a9njbEK,19,0
a9njBem,19,0
a9njbgj,19,0
a9njBK0,19,0
a9njBPj,19,0
a9njBX6,19,0
a9njBxL,19,0
a9njDDK,19,0
a9njDGD,19,0
a9njDP0,19,0
a9njDw1,19,0
a9njDwL,19,0
a9njDxo,19,0
a9nje6L,19,0
a9njeAj,19,0
a9njeEm,19,0
a9njEEW,19,0
a9njeGj,19,0
a9njEgo,19,0
a9njemD,19,0
a9njeMW,19,0
a9njerZ,19,0
a9njeV6,19,0
a9njEXm,19,0
a9njg0K,19,0
a9njg2o,13,1
a9njg4Z,19,0
a9njg51,19,0
a9njg61,19,0
a9njg76,19,0
a9njGe0,19,0
a9njggm,19,0
a9njgmD,19,0
a9njgom,19,0
a9njgpj,19,0
a9njgrj,19,0
a9njgv1,19,0
a9njgxm,19,0
a9njgyL,19,0
a9njgzL,19,0
a9njjoL,19,0
a9njjpm,19,0
a9njKbZ,19,0
a9njKMj,19,0
a9njL31,19,0
a9njMgD,19,0
a9njN0W,19,0
a9njN80,19,0
a9njNG6,19,0
a9njNm0,19,0
a9njNML,19,0
a9njnoj,19,0
a9njNPD,19,0
a9njNpW,19,0
a9njNvm,19,0
a9njNXL,18,1
a9njNZo,19,0
a9njo0o,19,0
a9njo2K,19,0
a9njo2m,19,0
a9njo3Z,19,0
a9njO71,19,0
a9njo7L,19,0
a9njo8j,19,0
a9njo8K,19,0
a9njo96,19,0
a9njo9W,19,0
a9njoAD,19,0
a9njobm,19,0
a9njoD0,19,0
a9njodm,19,0
a9njoe1,19,0
a9njoeD,19,0
a9njoEW,19,0
a9njoGo,19,0
a9njojm,19,0
a9njoKo,19,0
a9njoM0,19,0
a9njoNL,19,0
a9njonW,19,0
a9njooW,19,0
a9njoPL,19,0
a9njopo,19,0
a9njor1,19,0
a9njoRo,19,0
a9njovj,19,0
a9njoVL,8,1
a9njoxW,19,0
a9njoy6,19,0
a9njoYL,19,0
a9njozZ,19,0
a9njpgo,19,0
a9njpRo,19,0
a9njR3L,19,0
a9njR4Z,19,0
a9njrKK,19,0
a9njrN6,19,0
a9njRo0,19,0
a9njV1m,19,0
a9njV5L,19,0
a9njV7W,19,0
a9njV9m,19,0
a9njVBW,19,0
a9njVNW,19,0
a9njVRK,19,0
a9njw3j,19,0
a9njw5m,19,0
a9njw6K,19,0
a9njw9j,19,0
a9njwbL,19,0
a9njwK6,19,0
a9njwXL,19,0
a9njx06,19,0
a9njx2L,19,0
a9njx3K,19,0
a9njx7o,19,0
a9njxA6,19,0
a9njxBD,19,0
a9njxEj,19,0
a9njxjL,19,0
a9njxM1,19,0
a9njxNo,19,0
a9njxnZ,19,0
a9njxO1,19,0
a9njxoj,19,0
a9njxPD,19,0
a9njxqK,19,0
a9njxRZ,19,0
a9njxVD,19,0
a9njxVo,19,0
a9njxw6,19,0
a9njXXD,19,0
a9njxYo,19,0
a9njxzK,19,0
a9njxzm,19,0
a9njY5Z,19,0
a9njY66,19,0
a9njY9W,19,0
a9njyBD,19,0
a9njYe1,19,0
a9njYeL,19,0
a9njyoj,19,0
a9njYw1,19,0
a9njyZW,19,0
a9njZ3W,13,1
a9njZbK,19,0
a9njzD0,19,0
a9njZeL,19,0
a9njZKD,19,0
a9njZno,19,0
a9R39Mo,19,0
a9R39Rj,19,0
a9R3QAo,19,0
aAeB14E,19,0
aAeB1Dp,19,0
aAeB2VZ,19,0
aAeB3md,19,0
aAeB4Ed,19,0
aAeB4Pg,19,0
aAeB4VR,19,0
aAeB51R,19,0
aAeB5Eo,19,0
aAeB5QZ,19,0
aAeB5RE,19,0
aAeB6Yo,19,0
aAeB710,0,1
aAeB76R,19,0
aAeB77o,19,0
aAeB7GE,19,0
aAeB7jE,19,0
aAeB7nL,19,0
aAeB7P0,19,0
aAeB7q0,19,0
aAeB7R9,19,0
aAeB7Y9,19,0
aAeB80d,19,0
aAeB819,19,0
aAeB830,19,0
aAeB83Z,19,0
aAeB850,19,0
aAeB88o,19,0
aAeB89Z,19,0
aAeB8A0,19,0
aAeB8Ap,19,0
aAeB8dp,19,0
aAeB8EL,19,0
aAeB8eo,19,0
aAeB8Go,19,0
aAeB8jo,19,0
aAeB8Lp,19,0
aAeB8m9,19,0
aAeB8MR,19,0
aAeB8N9,19,0
aAeB8P9,19,0
aAeB8q9,19,0
aAeB8Qd,19,0
aAeB8Rg,19,0
aAeB8RR,19,0
aAeB8Vg,19,0
aAeB8wp,19,0
aAeB8x0,19,0
aAeB8XR,19,0
aAeB969,19,0
aAeB9Gg,19,0
aAeB9n2,19,0
aAeB9n9,19,0
aAeB9y9,19,0
aAeBAAp,19,0
aAeBAVg,19,0
aAeBAyd,19,0
aAeBAYg,19,0
aAeBAzZ,19,0
aAeBBAd,19,0
aAeBD2R,19,0
aAeBedp,19,0
aAeBEjL,19,0
aAeBEr0,19,0
aAeBeXg,19,0
aAeBg9d,19,0
aAeBgbE,19,0
aAeBgnR,19,0
aAeBGpd,19,0
aAeBGVo,19,0
aAeBgZ0,19,0
aAeBj00,19,0
aAeBj2E,19,0
aAeBj59,19,0
aAeBj6Z,19,0
aAeBj7g,19,0
aAeBjA2,19,0
aAeBjBE,19,0
aAeBjbp,19,0
aAeBjD2,19,0
aAeBjdg,19,0
aAeBjep,19,0
aAeBjGp,19,0
aAeBjjp,19,0
aAeBjKo,19,0
aAeBjLg,19,0
aAeBjmR,19,0
aAeBjn0,19,0
aAeBjnZ,19,0
aAeBjpR,19,0
aAeBjQZ,19,0
aAeBjrL,19,0
aAeBjW0,19,0
aAeBjx2,19,0
aAeBjx9,19,0
aAeBjz9,19,0
aAeBKv2,19,0
aAeBKw0,19,0
aAeBL02,19,0
aAeBL9L,19,0
aAeBLbg,19,0
aAeBLLd,19,0
aAeBLro,19,0
aAeBLWg,19,0
aAeBLzR,19,0
aAeBm1p,19,0
aAeBm7Z,19,0
aAeBmAo,19,0
aAeBMAR,19,0
aAeBmER,19,0
aAeBMj9,19,0
aAeBmP0,19,0
aAeBmq0,19,0
aAeBmX9,19,0
aAeBmyL,19,0
aAeBNBL,19,0
aAeBNGo,19,0
aAeBNmg,19,0
aAeBNN2,19,0
aAeBNoo,19,0
aAeBNOR,19,0
aAeBNP2,19,0
aAeBNxp,19,0
aAeBOe0,19,0
aAeBPKZ,19,0
aAeBpV9,19,0
aAeBqDg,19,0
aAeBQEo,19,0
aAeBqOE,19,0
aAeBqop,19,0
aAeBQqg,19,0
aAeBqwR,19,0
aAeBqxg,19,0
aAeBqYd,19,0
aAeBr69,19,0
aAeBRMg,19,0
aAeBVAg,19,0
aAeBVmL,19,0
aAeBvQ0,19,0
aAeBvvd,19,0
aAeBxy0,19,0
aAeBYno,19,0
aAeByv2,19,0
aAeBz10,19,0
aAeBz1Z,19,0
aAeBz29,19,0
aAeBz42,19,0
aAeBZ62,19,0
aAeBz6g,19,0
aAeBz7o,11,1
aAeBZ9L,19,0
aAeBzAo,19,0
aAeBzeE,19,0
aAeBzgE,19,0
aAeBZGR,19,0
aAeBzjE,19,0
aAeBzKg,19,0
aAeBzLo,19,0
aAeBzoL,19,0
aAeBzPZ,6,1
aAeBzQR,19,0
aAeBZrZ,19,0
aAeBzvp,19,0
aAeBZvZ,19,0
aAeBzX9,19,0
aAeBzxd,19,0
aAeBzyR,19,0
aAeBzzd,6,1
aAeBZzL,19,0
aAgnoKR,19,0
aAgnozo,13,1
abG30b9,19,0
abG30eB,19,0
abG311O,19,0
abG31eO,19,0
abG32DX,19,0
abG33gv,19,0
abG34KO,19,0
abG36Nv,19,0
abG370v,19,0
abG377O,19,0
abG37B8,19,0
abG37KE,19,0
abG37PL,19,0
abG37VO,13,1
abG37X8,19,0
abG37xB,19,0
abG37Yp,19,0
abG37z9,19,0
abG38Mb,19,0
abG38OO,19,0
abG38Rr,19,0
abG38v9,19,0
abG3AGr,19,0
abG3bg8,19,0
abG3d0L,19,0
abG3D18,19,0
abG3dAb,19,0
abG3ddO,19,0
abG3DE9,19,0
abG3DeB,12,1
abG3DoO,19,0
abG3dV8,19,0
abG3DzO,19,0
abG3E3L,19,0
abG3E9E,19,0
abG3EKB,19,0
abG3EqX,19,0
abG3erO,19,0
abG3EYb,13,1
abG3G4b,19,0
abG3K2B,19,0
abG3KDE,19,0
abG3KjL,19,0
abG3KQ8,19,0
abG3L68,19,0
abG3LmB,19,0
abG3Lrv,19,0
abG3Lwb,19,0
abG3LWO,19,0
abG3m09,19,0
abG3m1B,19,0
abG3m8L,19,0
abG3mBb,19,0
abG3mpp,19,0
abG3mPr,19,0
abG3N2E,19,0
abG3N3v,19,0
abG3N5E,19,0
abG3n5O,19,0
abG3N7r,19,0
abG3n8B,19,0
abG3N9r,19,0
abG3nAv,19,0
abG3nBp,19,0
abG3NBv,19,0
abG3NE9,19,0
abG3nG8,19,0
abG3NGX,19,0
abG3njv,19,0
abG3nMB,19,0
abG3NML,19,0
abG3nn8,19,0
abG3NnX,19,0
abG3nOE,19,0
abG3NpO,19,0
abG3npr,19,0
abG3NQE,19,0
abG3nr8,19,0
abG3NR9,19,0
abG3NVr,19,0
abG3NWb,19,0
abG3nXp,19,0
abG3nzr,19,0
abG3nZX,19,0
abG3o2p,19,0
abG3OBO,19,0
abG3oev,19,0
abG3omL,19,0
abG3ooX,19,0
abG3oW9,19,0
abG3oXp,19,0
abG3Qjr,19,0
abG3Rxr,2,1
abG3rZX,19,0
abG3veE,19,0
abG3W0E,19,0
abG3w4r,19,0
abG3wpE,19,0
abG3wWr,19,0
abG3X98,19,0
abG3xov,19,0
abG3yGv,19,0
abG3yo8,19,0
abG3zNX,19,0
aBgD7EQ,19,0
aBgD7px,19,0
aBgD7yP,19,0
aBm91Nz,19,0
aBm92yN,19,0
aBm93q2,19,0
aBm93RZ,19,0
aBm947A,19,0
aBm94bQ,19,0
aBm94gO,19,0
aBm94oP,19,0
aBm954P,19,0
aBm956N,19,0
aBm95dZ,19,0
aBm95xO,19,0
aBm95Xx,19,0
aBm95YQ,19,0
aBm95ZN,19,0
aBm985Z,19,0
aBm99oN,19,0
aBm9A42,19,0
aBm9A4O,19,0
aBm9A6P,19,0
aBm9A8Z,19,0
aBm9A9Q,19,0
aBm9AAD,19,0
aBm9ABN,19,0
aBm9Adx,19,0
aBm9AEQ,19,0
aBm9AeZ,19,0
aBm9AGQ,19,0
aBm9ALP,19,0
aBm9ALz,19,0
aBm9AmD,19,0
aBm9AmN,10,1
aBm9ANA,19,0
aBm9AoO,19,0
aBm9ApD,19,0
aBm9ARQ,19,0
aBm9AvO,19,0
aBm9AVz,19,0
aBm9Aw1,19,0
aBm9AX2,19,0
aBm9Az1,19,0
aBm9AzZ,19,0
aBm9B0x,19,0
aBm9B1N,19,0
aBm9b72,19,0
aBm9bAQ,19,0
aBm9BBx,19,0
aBm9bE1,19,0
aBm9BEO,19,0
aBm9BGA,19,0
aBm9BK1,19,0
aBm9bLA,0,1
aBm9BMD,19,0
aBm9bMP,19,0
aBm9BNZ,19,0
aBm9BO1,19,0
aBm9BPO,19,0
aBm9Bpz,19,0
aBm9Bqz,19,0
aBm9BRA,19,0
aBm9bRZ,19,0
aBm9BVO,19,0
aBm9BwN,19,0
aBm9Bxx,19,0
aBm9bxz,19,0
aBm9BYN,11,1
aBm9ByQ,19,0
aBm9BYZ,19,0
aBm9BzD,19,0
aBm9djN,19,0
aBm9dVO,19,0
aBm9e7O,19,0
aBm9eBQ,19,0
aBm9ejP,19,0
aBm9en2,19,0
aBm9G4Z,19,0
aBm9gQ1,19,0
aBm9gvZ,19,0
aBm9gzD,19,0
aBm9Gzx,19,0
aBm9j3P,19,0
aBm9j71,19,0
aBm9jD1,19,0
aBm9jeO,19,0
aBm9jOP,19,0
aBm9joz,19,0
aBm9jpA,19,0
aBm9jVN,19,0
aBm9jZZ,19,0
aBm9L3N,19,0
aBm9LBP,19,0
aBm9LND,19,0
aBm9m1A,19,0
aBm9M2P,19,0
aBm9M6Q,19,0
aBm9MbN,19,0
aBm9Mdz,19,0
aBm9mEQ,19,0
aBm9MjN,19,0
aBm9MmP,19,0
aBm9MnP,19,0
aBm9MPO,19,0
aBm9mPz,19,0
aBm9MQ1,19,0
aBm9Mqz,19,0
aBm9mvO,19,0
aBm9mw1,19,0
aBm9MwN,19,0
aBm9myx,19,0
aBm9N2N,19,0
aBm9N51,19,0
aBm9NBZ,19,0
aBm9NDD,19,0
aBm9NjA,19,0
aBm9NKQ,19,0
aBm9NMA,19,0
aBm9NmN,19,0
aBm9Nr2,19,0
aBm9NXQ,19,0
aBm9NyD,19,0
aBm9NYO,19,0
aBm9o1x,19,0
aBm9oBz,19,0
aBm9oKN,19,0
aBm9ooN,19,0
aBm9oQN,19,0
aBm9ovD,19,0
aBm9oZO,19,0
aBm9p0A,19,0
aBm9p12,19,0
aBm9p1Q,19,0
aBm9p5A,19,0
aBm9P6D,19,0
aBm9p6N,19,0
aBm9p7Z,19,0
aBm9P9P,19,0
aBm9p9x,19,0
aBm9pDN,19,0
aBm9pDZ,19,0
aBm9peA,19,0
aBm9pEx,19,0
aBm9pGP,19,0
aBm9pj2,19,0
aBm9pjQ,19,0
aBm9pKz,19,0
aBm9pLD,19,0
aBm9pMO,19,0
aBm9pNQ,19,0
aBm9pOP,19,0
aBm9pp1,19,0
aBm9pQz,19,0
aBm9pRP,19,0
aBm9pxA,19,0
aBm9pyN,19,0
aBm9pYQ,14,1
aBm9pyZ,19,0
aBm9QoP,19,0
aBm9rpP,19,0
aBm9rqz,19,0
aBm9Rr1,19,0
aBm9rwZ,19,0
aBm9rXO,19,0
aBm9v2P,19,0
aBm9VAD,19,0
aBm9vgx,19,0
aBm9vP2,19,0
aBm9vRO,19,0
aBm9vXA,19,0
aBm9wdO,19,0
aBm9Wyz,19,0
aBm9X8N,19,0
aBm9XnP,19,0
aBm9XY1,19,0
aBm9YAZ,19,0
aBm9yDP,19,0
aBm9YgZ,19,0
aBm9ZA1,19,0
aBm9zAN,19,0
aBm9zBN,19,0
aBm9zBZ,19,0
aBm9zeZ,19,0
aBm9zGQ,19,0
aBm9zjA,19,0
aBm9zK2,19,0
aBm9zNA,19,0
aBm9Zp1,19,0
aBm9zpD,19,0
aBm9zVz,19,0
aD4R02K,19,0
aD4R0pO,19,0
aD4R0wB,19,0
aD4R0YO,19,0
aD4R1wK,19,0
aD4R1YZ,19,0
aD4R2nN,19,0
aD4R2Vx,19,0
aD4R3Ad,19,0
aD4R3oK,19,0
aD4R3PK,19,0
aD4R3vN,19,0
aD4R55Z,19,0
aD4R59x,19,0
aD4R5Bd,19,0
aD4R5dw,19,0
aD4R5NB,19,0
aD4R5nO,19,0
aD4R7Ed,19,0
aD4R9DK,19,0
aD4R9N9,12,1
aD4RA6B,19,0
aD4RADG,19,0
aD4RAZx,19,0
aD4Rb0G,19,0
aD4Rb5x,19,0
aD4Rbex,19,0
aD4RbXK,19,0
aD4RD0K,19,0
aD4RD29,19,0
aD4Rd2O,19,0
aD4Rdjx,19,0
aD4RdPB,19,0
aD4RDr7,19,0
aD4RdVG,19,0
aD4RDWN,19,0
aD4Re0w,13,1
aD4Re1G,19,0
aD4Re6x,19,0
aD4Re8Z,19,0
aD4ReA9,19,0
aD4Reb9,19,0
aD4Red7,19,0
aD4ReDN,19,0
aD4ReGO,19,0
aD4RejO,19,0
aD4ReLK,19,0
aD4ReMw,19,0
aD4Reod,19,0
aD4ReoO,19,0
aD4ReqO,19,0
aD4ReV9,19,0
aD4RevG,19,0
aD4ReWK,19,0
aD4ReX9,19,0
aD4Rey7,19,0
aD4ReyN,19,0
aD4RgQw,19,0
aD4RgV9,19,0
aD4RGzx,19,0
aD4RK1d,19,0
aD4RK4K,19,0
aD4RK4O,19,0
aD4RK5d,19,0
aD4RK77,19,0
aD4RK7G,19,0
aD4RK8N,19,0
aD4RK9d,19,0
aD4RKAx,19,0
aD4RKDK,19,0
aD4RKEK,19,0
aD4RKG9,19,0
aD4RKgO,19,0
aD4RKLw,19,0
aD4RKMZ,19,0
aD4RKn7,19,0
aD4RKN9,19,0
aD4RKnN,19,0
aD4RKP9,19,0
aD4RKPZ,19,0
aD4RKr9,19,0
aD4RKvO,19,0
aD4RKYG,19,0
aD4RKZB,19,0
aD4RKzw,19,0
aD4RLww,19,0
aD4RLZx,19,0
aD4RM2Z,19,0
aD4Rm7N,19,0
aD4RMjG,19,0
aD4RML7,19,0
aD4RmNd,19,0
aD4Rmp7,19,0
aD4RMPK,19,0
aD4RMvN,19,0
aD4RMW7,19,0
aD4RMx7,19,0
aD4RmxK,19,0
aD4RMxN,19,0
aD4RmXZ,19,0
aD4RmYN,19,0
aD4RN2K,19,0
aD4RN4O,19,0
aD4RN7G,19,0
aD4RN87,18,1
aD4RNAB,1,1
aD4RNbN,19,0
aD4RNDK,19,0
aD4RNDO,19,0
aD4RnGK,19,0
aD4RNoZ,19,0
aD4RNPx,19,0
aD4RNr9,19,0
aD4RNyO,19,0
aD4RO4d,19,0
aD4ROdd,19,0
aD4Roq9,19,0
aD4Roxw,19,0
aD4RP09,19,0
aD4RP2N,19,0
aD4RP8x,19,0
aD4RPbx,19,0
aD4RPE7,19,0
aD4RPLO,19,0
aD4RPO9,19,0
aD4RPy7,19,0
aD4Rq1B,19,0
aD4Rq97,19,0
aD4RqGG,19,0
aD4RQK9,19,0
aD4RqKB,19,0
aD4RQnO,19,0
aD4Rqpx,19,0
aD4Rr0G,19,0
aD4Rr49,19,0
aD4RRAd,19,0
aD4RrAG,19,0
aD4RrBw,19,0
aD4RrEw,7,1
aD4RrqB,19,0
aD4RrWx,19,0
aD4RrxZ,19,0
aD4RV2x,19,0
aD4RvB9,19,0
aD4RvBZ,19,0
aD4RvoG,19,0
aD4RvOO,19,0
aD4RVQd,19,0
aD4RvwK,19,0
aD4RvxB,19,0
aD4RWD7,19,0
aD4RWDN,19,0
aD4RWrO,19,0
aD4RxoB,19,0
aD4RxQN,19,0
aD4Ry07,19,0
aD4Ry0N,19,0
aD4Ry2d,19,0
aD4RY47,19,0
aD4RY4N,19,0
aD4Ry59,19,0
aD4Ry5Z,19,0
aD4Ry9Z,19,0
aD4RyBd,19,0
aD4RyBO,19,0
aD4RyDw,19,0
aD4Rye9,19,0
aD4RyEw,19,0
aD4Ryg9,19,0
aD4RYGO,19,0
aD4RyLx,19,0
aD4RyLZ,19,0
aD4RyMB,19,0
aD4RynK,19,0
aD4RyPB,19,0
aD4RyRG,1,1
aD4RyWx,19,0
aD4RyWZ,19,0
aD4RyX7,19,0
aD4Ryx9,19,0
aD4Ryyw,19,0
aD4RyZG,19,0
aD4RyzZ,19,0
aD4RzLw,19,0
aD4RZR7,19,0
ad53ZxV,19,0
aDgBBbK,19,0
adVy11Z,19,0
adVy1jV,19,0
adVy26d,19,0
adVy2mN,19,0
adVy459,19,0
adVy47d,19,0
adVy4e2,19,0
adVy4PM,19,0
adVy4Wd,19,0
adVy5MM,19,0
adVy5XQ,19,0
adVy6r2,19,0
adVy6X2,19,0
adVyA8Q,19,0
adVyAdB,19,0
adVyb8D,19,0
adVybN9,19,0
adVybxZ,19,0
adVybz2,19,0
adVyd2B,19,0
adVyD2d,19,0
adVyD5N,19,0
adVyd6d,19,0
adVyD7M,19,0
adVyDAM,19,0
adVyDDN,19,0
adVydgV,19,0
adVyDj9,19,0
adVyDMM,19,0
adVyDnB,19,0
adVyDP2,19,0
adVydr9,19,0
adVyDRZ,19,0
adVyDVV,19,0
adVydW9,19,0
adVyDxB,19,0
adVyDXQ,19,0
adVyDZ2,19,0
adVydzM,19,0
adVyE0V,19,0
adVye7N,19,0
adVyE8Z,19,0
adVyE9B,19,0
adVyEb2,19,0
adVyEB9,19,0
adVyEMj,19,0
adVyEoV,19,0
adVyEqj,19,0
adVyEQM,19,0
adVyEvQ,19,0
adVyEVZ,19,0
adVyEWj,19,0
adVyEyN,19,0
adVyG1V,19,0
adVyg4N,19,0
adVyG7Z,19,0
adVyg8j,19,0
adVyGeD,19,0
adVyGgM,19,0
adVyGL9,19,0
adVyGmM,19,0
adVyGpB,19,0
adVyGrd,19,0
adVyGVQ,19,0
adVyGw9,19,0
adVyGWZ,19,0
adVyGXd,19,0
adVyGyD,19,0
adVyjPM,19,0
adVyK5d,19,0
adVyKmZ,19,0
adVyKNV,19,0
adVyM49,19,0
adVyMxB,19,0
adVyn22,19,0
adVyNWB,19,0
adVynxV,19,0
adVynzZ,19,0
adVyOG2,19,0
adVyojj,19,0
adVyopj,19,0
adVyOXM,19,0
adVyoZQ,19,0
adVyq9V,19,0
adVyQoB,19,0
adVyqOd,19,0
adVyr19,19,0
adVyrbV,19,0
adVyrDB,19,0
adVyRGB,19,0
adVyrLB,19,0
adVyrQQ,19,0
adVyRWD,19,0
adVyrXD,19,0
adVyvnN,19,0
adVyW29,19,0
adVyw39,19,0
adVyw4D,19,0
adVywgZ,19,0
adVyWK2,19,0
adVywLB,19,0
adVywnM,19,0
adVyWRQ,19,0
adVyWYM,19,0
adVyWz2,19,0
adVywzB,19,0
adVyxeM,19,0
adVyYKV,19,0
adVyYxZ,19,0
adVyzA2,19,0
adVyzjN,19,0
adVyzNQ,19,0
adVyzoQ,19,0
adVyzPB,19,0
adVyzvd,19,0
ae5XovO,19,0
ae5Xvom,19,0
ae5XvZp,19,0
ae5XXZq,19,0
aeDK01W,19,0
aeDK065,19,0
aeDK09W,19,0
aeDK0gQ,19,0
aeDK105,19,0
aeDK3Qb,19,0
aeDK45b,19,0
aeDK4jm,19,0
aeDK4xm,19,0
aeDK4zW,19,0
aeDK5gB,19,0
aeDK60m,19,0
aeDK6yp,19,0
aeDK72B,19,0
aeDK7nO,19,0
aeDK80b,19,0
aeDK81p,19,0
aeDK81Q,19,0
aeDK83b,19,0
aeDK84p,19,0
aeDK885,19,0
aeDK88m,19,0
aeDK8B5,19,0
aeDK8bj,19,0
aeDK8Dm,13,1
aeDK8dO,19,0
aeDK8Ej,19,0
aeDK8GO,19,0
aeDK8Kv,19,0
aeDK8LB,19,0
aeDK8Mj,19,0
aeDK8mv,19,0
aeDK8nm,19,0
aeDK8OQ,19,0
aeDK8r5,19,0
aeDK8VW,19,0
aeDK8w5,19,0
aeDK8WO,19,0
aeDK8xv,19,0
aeDK8xW,19,0
aeDK8zj,19,0
aeDK8ZQ,19,0
aeDK9dv,19,0
aeDK9KQ,19,0
aeDKA0B,19,0
aeDKAzW,19,0
aeDKB9v,19,0
aeDKBAQ,19,0
aeDKBDp,19,0
aeDKBEB,19,0
aeDKBG5,19,0
aeDKBKO,19,0
aeDKBNq,19,0
aeDKBoW,19,0
aeDKBP5,19,0
aeDKBym,19,0
aeDKD3Q,19,0
aeDKd55,19,0
aeDKd5j,19,0
aeDKd8j,19,0
aeDKd9B,19,0
aeDKdA5,19,0
aeDKdBj,19,0
aeDKdjv,19,0
aeDKdom,19,0
aeDKdwj,19,0
aeDKE0b,19,0
aeDKE2v,19,0
aeDKe8q,19,0
aeDKE9B,19,0
aeDKEBj,19,0
aeDKEKW,19,0
aeDKeMb,19,0
aeDKeqv,19,0
aeDKERb,19,0
aeDKEwj,19,0
aeDKewO,19,0
aeDKezb,19,0
aeDKGnO,19,0
aeDKgp5,19,0
aeDKjVp,19,0
aeDKL0B,0,1
aeDKL1q,19,0
aeDKL4q,19,0
aeDKL6Q,19,0
aeDKL7m,19,0
aeDKLbQ,19,0
aeDKLDb,19,0
aeDKLdp,19,0
aeDKLjm,19,0
aeDKLKm,19,0
aeDKLm5,19,0
aeDKLMW,19,0
aeDKLnb,19,0
aeDKLNm,19,0
aeDKLOj,19,0
aeDKLPp,19,0
aeDKLRB,19,0
aeDKLVj,19,0
aeDKLvO,19,0
aeDKLwW,19,0
aeDKn0W,19,0
aeDKn1m,19,0
aeDKn2p,19,0
aeDKn6v,19,0
aeDKnAj,19,0
aeDKnDq,19,0
aeDKnEb,19,0
aeDKngj,19,0
aeDKnLj,19,0
aeDKnMO,19,0
aeDKnmp,19,0
aeDKnpW,19,0
aeDKnQ5,19,0
aeDKnQj,19,0
aeDKnRQ,19,0
aeDKnVB,19,0
aeDKnvj,19,0
aeDKnwO,19,0
aeDKnxp,19,0
aeDKnzO,19,0
aeDKOb5,19,0
aeDKOwm,19,0
aeDKOWq,19,0
aeDKP45,13,1
aeDKP5O,19,0
aeDKP8O,19,0
aeDKPBb,19,0
aeDKPBO,19,0
aeDKPdW,19,0
aeDKPeb,19,0
aeDKPGW,19,0
aeDKPpQ,19,0
aeDKPvq,19,0
aeDKPxB,19,0
aeDKqBB,19,0
aeDKQbj,19,0
aeDKqDp,19,0
aeDKqjO,19,0
aeDKqNq,19,0
aeDKqqm,19,0
aeDKqQQ,19,0
aeDKqQW,19,0
aeDKqrB,19,0
aeDKqRq,19,0
aeDKqvQ,19,0
aeDKqxO,19,0
aeDKQYj,19,0
aeDKRDv,19,0
aeDKrjq,19,0
aeDKRmj,19,0
aeDKRrW,11,1
aeDKRwQ,19,0
aeDKRyB,19,0
aeDKRzp,19,0
aeDKRZq,19,0
aeDKV5b,19,0
aeDKw25,19,0
aeDKW2O,19,0
aeDKw4O,13,1
aeDKw6p,19,0
aeDKWb5,19,0
aeDKwBv,19,0
aeDKwBW,19,0
aeDKwj5,19,0
aeDKWnp,19,0
aeDKwqp,19,0
aeDKwWB,19,0
aeDKx1O,19,0
aeDKxAv,19,0
aeDKxjj,19,0
aeDKxMQ,19,0
aeDKxR5,19,0
aeDKy5v,19,0
aeDKy6p,19,0
aeDKy8v,19,0
aeDKy9O,19,0
aeDKygb,19,0
aeDKyMW,19,0
aeDKyQb,18,1
aeDKyvb,19,0
aeDKyXb,19,0
aeDKYy5,19,0
aeDKyYp,19,0
aeDKyZq,19,0
aeDKz2p,19,0
aeDKZ4m,19,0
aeDKz7p,19,0
aeDKzeb,19,0
aeDKzLq,19,0
aeDKzWW,19,0
aEgeeqn,19,0
aEgerLe,19,0
aEPd31G,19,0
aEPd32n,19,0
aEPd34n,19,0
aEPd39M,19,0
aEPd3b9,19,0
aEPd3DK,19,0
aEPd3EG,19,0
aEPd3K9,19,0
aEPd3Me,13,1
aEPd3oo,19,0
aEPd3PM,8,1
aEPd3Qp,19,0
aEPd3rN,19,0
aEPd3vK,19,0
aEPd3Vx,19,0
aEPd3Wo,19,0
aEPd3Y9,19,0
aEPd3ZG,19,0
aEPd3zp,19,0
aEPd5bO,19,0
aEPd5Do,19,0
aEPd5K9,19,0
aEPd5Pn,19,0
aEPd5qN,19,0
aEPd6AN,19,0
aEPd6NK,19,0
aEPd6We,19,0
aEPd70x,19,0
aEPd93x,19,0
aEPd96K,19,0
aEPd98x,19,0
aEPd9BN,19,0
aEPd9eo,19,0
aEPd9Nn,19,0
aEPd9oG,19,0
aEPd9px,19,0
aEPd9qo,19,0
aEPd9YM,19,0
aEPd9yn,19,0
aEPdb2o,0,1
aEPdb7N,19,0
aEPdb9K,19,0
aEPdbje,19,0
aEPdbne,19,0
aEPdBOO,19,0
aEPdbPK,19,0
aEPdbqG,19,0
aEPdbvn,19,0
aEPdbzN,19,0
aEPdBZO,19,0
aEPdD5K,19,0
aEPddDM,19,0
aEPddLp,19,0
aEPdDqO,19,0
aEPddyx,19,0
aEPdE3p,19,0
aEPdEBK,19,0
aEPdEdN,19,0
aEPdEVn,19,0
aEPdEWM,19,0
aEPdg4o,19,0
aEPdgdn,19,0
aEPdgmK,19,0
aEPdGxO,19,0
aEPdj9p,19,0
aEPdje9,19,0
aEPdjgp,19,0
aEPdjoM,19,0
aEPdjpO,19,0
aEPdjRK,19,0
aEPdjWN,19,0
aEPdKge,19,0
aEPdKjn,19,0
aEPdKyn,19,0
aEPdm0p,19,0
aEPdm2o,19,0
aEPdm7e,19,0
aEPdmBx,19,0
aEPdmDn,19,0
aEPdmEN,1,1
aEPdmep,19,0
aEPdmKx,19,0
aEPdmLG,19,0
aEPdmMp,19,0
aEPdmNe,19,0
aEPdMNO,19,0
aEPdmo9,19,0
aEPdmOM,19,0
aEPdmYx,19,0
aEPdNbn,19,0
aEPdNEO,19,0
aEPdNN9,19,0
aEPdnQG,19,0
aEPdnqM,13,1
aEPdoR9,19,0
aEPdQ1M,19,0
aEPdQ8K,19,0
aEPdqDn,19,0
aEPdQeG,13,1
aEPdQje,19,0
aEPdQMG,19,0
aEPdQPo,19,0
aEPdR9p,19,0
aEPdV1e,19,0
aEPdVwN,19,0
aEPdwLe,19,0
aEPdWMM,19,0
aEPdWP9,19,0
aEPdWrn,19,0
aEPdx8M,19,0
aEPdxB9,19,0
aEPdXKe,19,0
aEPdy49,19,0
aEPdy7G,19,0
aEPdyBO,19,0
aEPdydo,19,0
aEPdyeN,19,0
aEPdYGM,19,0
aEPdyMN,19,0
aEPdyPn,19,0
aEPdyYO,19,0
aEPdZ1K,19,0
aEPdz9o,19,0
aEPdZEK,19,0
aEPdZLn,19,0
aEPdzoO,19,0
agAr03W,19,0
agAr05n,19,0
agAr0Dn,19,0
agAr0Nq,19,0
agAr0xK,19,0
agAr13K,19,0
agAr3DW,19,0
agAr3Mq,19,0
agAr666,19,0
agAr6Ax,19,0
agAr6p6,19,0
agAr6Pw,19,0
agAr6Qv,19,0
agAr786,19,0
agAr7O1,19,0
agAr8Bv,19,0
agAr9bw,13,1
agAr9jr,19,0
agAr9Yw,19,0
agArAvn,19,0
agArAXv,19,0
agArAzg,19,0
agArb16,19,0
agArbBq,19,0
agArBex,19,0
agArbm1,19,0
agArbWq,19,0
agArD6x,19,0
agArD81,19,0
agArDAg,19,0
agArDDg,19,0
agArdeK,19,0
agArDgK,19,0
agArdKx,19,0
agArDLw,7,1
agArDMW,19,0
agArdNw,19,0
agArDOq,19,0
agArDPK,19,0
agArDVx,19,0
agArdXK,19,0
agArDyr,19,0
agArDzg,1,1
agArDZx,19,0
agAre7w,19,0
agAreOw,19,0
agArew1,19,0
agArge6,19,0
agArgL1,19,0
agArGq6,19,0
agArj3v,19,0
agArjNK,19,0
agArKb6,19,0
agArKDn,19,0
agArKp6,7,1
agArLbg,19,0
agArnpq,19,0
agArO1r,19,0
agArOg6,19,0
agAroM6,19,0
agArp7w,19,0
agArp9q,19,0
agArpe1,19,0
agArpRn,19,0
agArpw1,19,0
agArpZW,19,0
agArqbq,19,0
agArQLn,19,0
agArryv,19,0
agArrZK,19,0
agArv2v,19,0
agArV36,19,0
agArVmK,19,0
agArW01,19,0
agArW1g,19,0
agArW2q,19,0
agArW3q,19,0
agArw4W,19,0
agArW7K,19,0
agArW8W,9,1
agArWAw,19,0
agArWBw,19,0
agArWex,19,0
agArWK1,19,0
agArwLr,19,0
agArWN6,19,0
agArWOK,19,0
agArWov,19,0
agArWQg,19,0
agArWqr,19,0
agArWRv,19,0
agArWwn,19,0
agArWxW,19,0
agArWyq,19,0
agArWZ6,19,0
agArwzx,19,0
agArX9r,19,0
agArXG6,19,0
agArxPx,19,0
agArYGx,19,0
agArYWg,19,0
agAryXw,19,0
agArz2x,19,0
agArz3x,19,0
agArZ41,19,0
agArz4x,19,0
agArz6g,19,0
agArzBq,19,0
agArzg1,19,0
agArzGg,19,0
agArzLK,19,0
agArzm6,19,0
agArzNv,19,0
agArznW,19,0
agArzP1,19,0
agArzqg,19,0
agArzrx,19,0
agArZVn,19,0
agArZvr,19,0
agArzWq,19,0
agArzYK,19,0
agArZzv,19,0
aGdK1Gn,19,0
aGdK1nX,19,0
aGdK255,19,0
aGdK2V6,19,0
aGdK40G,19,0
aGdK426,19,0
aGdK43X,19,0
aGdK44w,19,0
aGdK44z,19,0
aGdK45w,19,0
aGdK480,19,0
aGdK4A6,19,0
aGdK4bK,19,0
aGdK4e5,19,0
aGdK4EX,19,0
aGdK4Gn,19,0
aGdK4LX,19,0
aGdK4Mn,19,0
aGdK4NG,19,0
aGdK4NZ,19,0
aGdK4oZ,19,0
aGdK4p7,19,0
aGdK4W7,19,0
aGdK4xG,19,0
aGdK4Y6,19,0
aGdK4yX,19,0
aGdK4z7,19,0
aGdK57z,19,0
aGdK5Aw,19,0
aGdK5B5,19,0
aGdK5V7,19,0
aGdK5Yw,19,0
aGdK5zK,19,0
aGdK646,19,0
aGdK66X,19,0
aGdK6BG,19,0
aGdK6e0,19,0
aGdK6jn,19,0
aGdK6PK,19,0
aGdK6Zn,19,0
aGdK7A5,19,0
aGdK7m6,19,0
aGdK7mn,19,0
aGdK7v0,19,0
aGdK7Z0,19,0
aGdK96n,1,1
aGdK9gK,19,0
aGdK9x0,19,0
aGdKA2Z,19,0
aGdKAQz,19,0
aGdKb1z,19,0
aGdKb86,19,0
aGdKb9Z,19,0
aGdKBL7,19,0
aGdKbn6,19,0
aGdKbR5,19,0
aGdKbvz,19,0
aGdKbW0,19,0
aGdKD2w,19,0
aGdKd70,19,0
aGdKD9w,19,0
aGdKdrK,19,0
aGdKDX6,19,0
aGdKeAX,19,0
aGdKEM6,19,0
aGdKg05,19,0
aGdKGnZ,19,0
aGdKgp7,19,0
aGdKKKK,19,0
aGdKLQ6,19,0
aGdKLrn,19,0
aGdKm0K,19,0
aGdKm5Z,19,0
aGdKm87,19,0
aGdKm8z,19,0
aGdKmbn,19,0
aGdKmdG,19,0
aGdKmeK,19,0
aGdKmgG,19,0
aGdKmKX,19,0
aGdKmm5,19,0
aGdKmM7,19,0
aGdKmMX,19,0
aGdKmN6,19,0
aGdKmp5,19,0
aGdKmPw,19,0
aGdKmqK,19,0
aGdKmrK,19,0
aGdKmvK,19,0
aGdKmVn,19,0
aGdKmvZ,19,0
aGdKmW5,19,0
aGdKmX5,1,1
aGdKmx6,19,0
aGdKmY0,19,0
aGdKmZZ,19,0
aGdKND6,19,0
aGdKNpG,19,0
aGdKNR0,19,0
aGdKNz5,19,0
aGdKNzG,19,0
aGdKNZZ,19,0
aGdKo0Z,19,0
aGdKo37,19,0
aGdKo96,19,0
aGdKoEz,19,0
aGdKoG0,19,0
aGdKoLX,19,0
aGdKOnw,19,0
aGdKOo0,19,0
aGdKoqG,19,0
aGdKOQK,19,0
aGdKOVX,19,0
aGdKOWG,19,0
aGdKoXz,19,0
aGdKoYn,19,0
aGdKp00,19,0
aGdKpKz,19,0
aGdKpqn,19,0
aGdKpWK,19,0
aGdKqbK,19,0
aGdKQDz,19,0
aGdKQe7,19,0
aGdKQjX,19,0
aGdKqK6,19,0
aGdKQL6,19,0
aGdKQO5,19,0
aGdKqPX,19,0
aGdKqv5,19,0
aGdKr0z,19,0
aGdKr30,19,0
aGdKrE0,19,0
aGdKrGK,19,0
aGdKRGn,19,0
aGdKRM0,19,0
aGdKrn6,19,0
aGdKrPn,19,0
aGdKrV5,19,0
aGdKrX0,19,0
aGdKrYG,19,0
aGdKryn,19,0
aGdKv5Z,19,0
aGdKvmG,19,0
aGdKvnz,19,0
aGdKvvK,19,0
aGdKwyn,19,0
aGdKX00,19,0
aGdKX46,19,0
aGdKx4Z,19,0
aGdKX56,19,0
aGdKX85,19,0
aGdKXAw,19,0
aGdKXAz,19,0
aGdKXD0,0,1
aGdKXEZ,19,0
aGdKXg6,19,0
aGdKXGw,19,0
aGdKXj6,19,0
aGdKXKw,19,0
aGdKXn5,19,0
aGdKXnG,19,0
aGdKXNX,19,0
aGdKXO7,7,1
aGdKXOz,19,0
aGdKXPG,19,0
aGdKXpK,19,0
aGdKXq0,12,1
aGdKXr0,19,0
aGdKXV7,19,0
aGdKXWZ,19,0
aGdKXyG,19,0
aGdKXyZ,19,0
aGdKXzK,19,0
aGdKXzZ,19,0
aGdKYG0,19,0
aGdKz75,19,0
aGdKzNz,19,0
aGdKzq7,19,0
aGdKZZX,19,0
aj52bKq,19,0
aj52bWq,19,0
aj52oVp,19,0
aj52p2G,19,0
aj9Q0y0,19,0
aj9Q1V8,19,0
aj9Q391,19,0
aj9Q3DR,19,0
aj9Q3Xp,13,1
aj9Q3yg,19,0
aj9Q3z1,8,1
aj9Q4Eq,19,0
aj9Q4Nq,19,0
aj9Q4r0,11,1
aj9Q7zx,19,0
aj9Q878,13,1
aj9Q9A8,19,0
aj9Q9VR,19,0
aj9QANx,19,0
aj9Qd7q,19,0
aj9QDBg,19,0
aj9QdDw,19,0
aj9Qdgp,19,0
aj9Qdop,19,0
aj9QdR8,19,0
aj9Qe21,19,0
aj9Qe71,19,0
aj9Qe8R,19,0
aj9QeBQ,19,0
aj9QeD0,19,0
aj9Qegq,19,0
aj9Qenw,13,1
aj9QEO0,19,0
aj9QeOG,19,0
aj9Qeq0,19,0
aj9Qerx,19,0
aj9QeWx,19,0
aj9QEXG,19,0
aj9QG7w,19,0
aj9QGeQ,13,1
aj9QGox,19,0
aj9Qj6x,19,0
aj9Qj71,19,0
aj9Qj8R,19,0
aj9Qjvg,19,0
aj9QLGx,19,0
aj9QM7R,19,0
aj9Qme8,19,0
aj9QMew,19,0
aj9QMg0,19,0
aj9Qmzx,19,0
aj9Qnr8,19,0
aj9QOQx,19,0
aj9Qp0q,19,0
aj9Qp3G,19,0
aj9QP40,19,0
aj9Qp48,19,0
aj9Qp6q,19,0
aj9Qp88,19,0
aj9Qp9x,19,0
aj9QpDG,19,0
aj9QpEQ,15,1
aj9QpGG,19,0
aj9QpOg,19,0
aj9QpQp,19,0
aj9QpwQ,19,0
aj9QpYp,15,1
aj9QpZp,19,0
aj9QQ2G,19,0
aj9Qq2Q,19,0
aj9Qqr0,19,0
aj9QQzq,19,0
aj9Qr2g,19,0
aj9QrdG,19,0
aj9QRMq,19,0
aj9QRvG,19,0
aj9QV5p,19,0
aj9Qv90,19,0
aj9Qvm0,19,0
aj9QvRG,8,1
aj9QvY1,19,0
aj9Qw10,19,0
aj9Qw58,19,0
aj9QwBg,19,0
aj9QwM1,19,0
aj9QWqQ,19,0
aj9Qy60,19,0
aj9QyL8,8,1
aj9QyQw,19,0
aj9Qz90,19,0
aj9QzdQ,19,0
aj9Qze0,19,0
aj9QzLq,19,0
aj9QzQ1,19,0
aj9Qzqx,19,0
aj9QzrG,19,0
aj9QzVR,19,0
aj9QzWG,12,1
aj9QzYG,19,0
aj9Qzz0,19,0
aj9QZZx,19,0
aK74203,19,0
aK742m3,19,0
aK743NO,19,0
aK744PW,19,0
aK744rQ,8,1
aK7456b,19,0
aK745Gj,19,0
aK745PO,19,0
aK745wg,19,0
aK745Z3,19,0
aK7464g,19,0
aK747B1,19,0
aK748nO,19,0
aK748YZ,19,0
aK7493Z,19,0
aK749LW,19,0
aK749QO,19,0
aK749qW,19,0
aK74BW3,19,0
aK74dbQ,1,1
aK74DEZ,19,0
aK74Dyb,19,0
aK74dZZ,19,0
aK74eBW,19,0
aK74eOj,19,0
aK74gqO,1,1
aK74K8Z,19,0
aK74KAj,19,0
aK74Kbb,19,0
aK74KQ1,19,0
aK74LVW,19,0
aK74LY1,19,0
aK74mE1,19,0
aK74Mej,19,0
aK74MOW,19,0
aK74MX6,19,0
aK74n9W,19,0
aK74NbZ,19,0
aK74Njb,19,0
aK74nM1,19,0
aK74NmW,19,0
aK74NN1,19,0
aK74Np3,19,0
aK74NQj,19,0
aK74nqO,1,1
aK74nvW,19,0
aK74nx1,19,0
aK74NXN,19,0
aK74nZ3,19,0
aK74o0O,19,0
aK74o81,19,0
aK74oEO,19,0
aK74oGQ,19,0
aK74oKb,19,0
aK74oMg,19,0
aK74oOb,19,0
aK74oog,19,0
aK74oQ6,19,0
aK74oR6,19,0
aK74orO,19,0
aK74oW1,19,0
aK74owN,19,0
aK74oYN,19,0
aK74ozb,19,0
aK74p03,19,0
aK74p8b,19,0
aK74pBZ,19,0
aK74pVg,19,0
aK74pyg,19,0
aK74Q6Z,19,0
aK74Q96,19,0
aK74QA6,19,0
aK74QB1,19,0
aK74QGg,19,0
aK74Qjj,19,0
aK74QL1,19,0
aK74QoW,19,0
aK74Qp1,19,0
aK74QqN,19,0
aK74QRZ,19,0
aK74QXb,19,0
aK74Qxj,19,0
aK74qzQ,19,0
aK74R1W,19,0
aK74R23,19,0
aK74R51,19,0
aK74R6b,12,1
aK74Rbj,19,0
aK74RD1,19,0
aK74RdN,19,0
aK74Reg,19,0
aK74RGj,19,0
aK74RO6,18,1
aK74RRb,19,0
aK74Ry3,19,0
aK74RZ1,19,0
aK74Vpb,19,0
aK74WAZ,19,0
aK74Xm3,19,0
aK74XMO,19,0
aK74y66,19,0
aK74Y6g,19,0
aK74y7g,19,0
aK74yEO,19,0
aK74yZZ,19,0
aK74z7j,19,0
aK74Z7W,19,0
aK74zL3,19,0
aK74ZXN,19,0
aKdb0ZN,19,0
aL0qq7x,19,0
aL0qx1v,19,0
aL0qYoM,19,0
aLw6005,19,0
aLw61Xz,19,0
aLw62jz,19,0
aLw631P,19,0
aLw635g,19,0
aLw63Qz,19,0
aLw63RM,19,0
aLw63rz,19,0
aLw64n5,19,0
aLw655x,19,0
aLw657M,19,0
aLw65R5,19,0
aLw65ZM,19,0
aLw66qW,19,0
aLw6705,19,0
aLw671P,19,0
aLw673g,19,0
aLw6775,19,0
aLw678g,19,0
aLw67dz,19,0
aLw67jA,19,0
aLw67Lv,19,0
aLw67mM,19,0
aLw67nv,16,1
aLw67og,19,0
aLw67qv,19,0
aLw67YP,19,0
aLw68x6,19,0
aLw6A8v,19,0
aLw6AQA,19,0
aLw6b4W,19,0
aLw6B5g,19,0
aLw6bbz,19,0
aLw6bev,19,0
aLw6bv5,19,0
aLw6bVV,19,0
aLw6E8P,19,0
aLw6EEv,19,0
aLw6Egv,19,0
aLw6EjP,19,0
aLw6g1x,19,0
aLw6G9x,19,0
aLw6j2v,19,0
aLw6jDW,19,0
aLw6KoM,19,0
aLw6KwV,19,0
aLw6m55,19,0
aLw6MjP,19,0
aLw6Mwv,19,0
aLw6mxv,19,0
aLw6N5z,19,0
aLw6NDM,19,0
aLw6NOM,19,0
aLw6Np6,19,0
aLw6NQW,19,0
aLw6NrW,19,0
aLw6nwg,19,0
aLw6O6V,19,0
aLw6O7v,19,0
aLw6obx,19,0
aLw6OD5,19,0
aLw6Od6,19,0
aLw6oEV,19,0
aLw6OK6,19,0
aLw6omv,19,0
aLw6OyW,19,0
aLw6oZ6,19,0
aLw6OZv,19,0
aLw6pR5,19,0
aLw6QKA,19,0
aLw6r1W,19,0
aLw6rgP,19,0
aLw6rMA,19,0
aLw6rOA,19,0
aLw6rQ6,19,0
aLw6ryW,19,0
aLw6V2P,19,0
aLw6VAg,19,0
aLw6VmA,19,0
aLw6VwM,13,1
aLw6VZM,19,0
aLw6w06,19,0
aLw6w8V,19,0
aLw6WoW,19,0
aLw6x0M,19,0
aLw6x3x,19,0
aLw6x7M,19,0
aLw6x8x,19,0
aLw6x9W,19,0
aLw6xBv,19,0
aLw6xeg,19,0
aLw6xEM,19,0
aLw6xgM,12,1
aLw6Xj6,19,0
aLw6xm5,19,0
aLw6xMW,19,0
aLw6xOW,16,1
aLw6xox,19,0
aLw6xPP,19,0
aLw6xR5,19,0
aLw6xWP,19,0
aLw6xYV,19,0
aLw6xZz,19,0
aLw6y66,19,0
aLw6Z3z,19,0
aLw6Z4P,19,0
aLw6Z6v,1,1
aLw6Z76,19,0
aLw6Z9M,19,0
aLw6ZAv,19,0
aLw6ZDz,19,0
aLw6ZMz,19,0
aLw6ZnA,19,0
aLw6ZNM,19,0
aLw6ZQx,19,0
aLw6ZRW,19,0
aLw6Zvg,19,0
aLw6ZVM,19,0
aLw6Zw6,19,0
aLw6ZXW,19,0
aLw6ZYA,19,0
am5DDBo,19,0
am5DDpX,19,0
am5Djdo,19,0
am5DjQj,19,0
amvq1Lv,19,0
amvq304,19,0
amvq31y,19,0
amvq32d,19,0
amvq35j,19,0
amvq36X,19,0
amvq37j,19,0
amvq389,19,0
amvq3b9,19,0
amvq3Bj,19,0
amvq3D6,19,0
amvq3d9,19,0
amvq3E6,19,0
amvq3g6,19,0
amvq3Ko,19,0
amvq3Mv,19,0
amvq3Oo,19,0
amvq3oy,19,0
amvq3qv,19,0
amvq3v2,19,0
amvq3Wy,19,0
amvq3X4,19,0
amvq3XV,19,0
amvq3yo,19,0
amvq3Zj,19,0
amvq3zo,19,0
amvq402,19,0
amvq419,19,0
amvq434,19,0
amvq44V,19,0
amvq46d,19,0
amvq46o,19,0
amvq47v,19,0
amvq47X,19,0
amvq486,19,0
amvq49y,19,0
amvq4Bv,19,0
amvq4g4,19,0
amvq4L2,19,0
amvq4Mj,19,0
amvq4n2,19,0
amvq4Nj,19,0
amvq4Oy,19,0
amvq4p2,8,1
amvq4QX,19,0
amvq4W9,17,1
amvq4wv,19,0
amvq4X2,19,0
amvq4xd,19,0
amvq4xj,19,0
amvq4YX,19,0
amvq4Zv,19,0
amvq6pd,19,0
amvq7qv,19,0
amvq9L9,19,0
amvqA4V,19,0
amvqArX,19,0
amvqBAd,19,0
amvqBbv,19,0
amvqbdo,19,0
amvqbKj,19,0
amvqbL9,19,0
amvqbno,19,0
amvqbx4,19,0
amvqbyj,19,0
amvqbZ2,19,0
amvqbzd,19,0
amvqd2y,19,0
amvqdn2,19,0
amvqdo4,19,0
amvqdVj,19,0
amvqdwX,19,0
amvqdz6,19,0
amvqe0d,19,0
amvqe1V,19,0
amvqe22,19,0
amvqe64,19,0
amvqe8j,19,0
amvqe9j,19,0
amvqeAv,19,0
amvqebj,19,0
amvqedj,19,0
amvqeG4,19,0
amvqejv,19,0
amvqejX,19,0
amvqeKj,19,0
amvqeLo,19,0
amvqem4,19,0
amvqeNo,19,0
amvqeO2,19,0
amvqeov,19,0
amvqer2,19,0
amvqeRd,19,0
amvqeV9,12,1
amvqevy,19,0
amvqeXo,19,0
amvqezj,19,0
amvqG1d,19,0
amvqGE9,19,0
amvqKA2,19,0
amvqKn4,19,0
amvqKo6,19,0
amvqKr9,19,0
amvqKRV,19,0
amvqKW6,19,0
amvqKwd,19,0
amvqKz9,19,0
amvqL29,19,0
amvqM39,19,0
amvqmB2,19,0
amvqmMV,19,0
amvqn1d,13,1
amvqn1j,19,0
amvqn7V,19,0
amvqn9X,19,0
amvqnEo,19,0
amvqNK2,19,0
amvqnN6,19,0
amvqnV6,19,0
amvqnyv,19,0
amvqNz6,19,0
amvqO9X,19,0
amvqOEo,19,0
amvqOLy,19,0
amvqOOV,19,0
amvqopd,19,0
amvqORy,19,0
amvqOx2,13,1
amvqOzv,19,0
amvqPj6,19,0
amvqpp9,19,0
amvqpw2,19,0
amvqPyo,19,0
amvqq0y,19,0
amvqQ1v,19,0
amvqQ5y,19,0
amvqQbd,19,0
amvqqbX,19,0
amvqQnd,19,0
amvqQov,19,0
amvqQX9,19,0
amvqR16,19,0
amvqR29,19,0
amvqR6y,19,0
amvqRO9,19,0
amvqRQo,19,0
amvqrV6,19,0
amvqRZd,19,0
amvqV0j,19,0
amvqv5y,19,0
amvqVev,19,0
amvqVoV,19,0
amvqvXo,19,0
amvqvY2,19,0
amvqVyy,19,0
amvqVz2,19,0
amvqvZy,19,0
amvqWNV,19,0
amvqwo6,19,0
amvqWOo,19,0
amvqwro,19,0
amvqwRV,19,0
amvqwW6,19,0
amvqwXV,19,0
amvqwxX,19,0
amvqXL9,19,0
amvqyE4,19,0
amvqyEV,19,0
amvqyG9,19,0
amvqyPV,19,0
amvqyqd,19,0
amvqyQX,19,0
amvqyry,19,0
amvqZ0X,19,0
amvqZ3o,19,0
amvqZB9,19,0
amvqzD2,19,0
amvqZPo,19,0
amvqZq6,19,0
amvqZv9,19,0
amvqZvo,19,0
aMxe02R,19,0
aMxe086,19,0
aMxe09P,19,0
aMxe0PV,19,0
aMxe0VM,19,0
aMxe0xx,19,0
aMxe1MW,19,0
aMxe1YW,19,0
aMxe2zX,19,0
aMxe4rP,19,0
aMxe58X,19,0
aMxe5nA,19,0
aMxe6V1,19,0
aMxe70G,19,0
aMxe7jW,19,0
aMxe7WM,19,0
aMxe8jA,19,0
aMxeD4V,19,0
aMxeDb6,19,0
aMxeDN1,8,1
aMxeDpW,19,0
aMxeDRV,1,1
aMxeDW1,19,0
aMxedwM,19,0
aMxedz6,19,0
aMxeE8A,19,0
aMxeg26,19,0
aMxeg4W,19,0
aMxeg6M,19,0
aMxeg7M,19,0
aMxeg8M,19,0
aMxegDX,19,0
aMxegLG,19,0
aMxegmA,19,0
aMxegNx,19,0
aMxegpR,16,1
aMxegv6,19,0
aMxegwX,19,0
aMxegX6,19,0
aMxegxV,19,0
aMxegZG,19,0
aMxejoG,19,0
aMxeK7M,19,0
aMxeKQx,19,0
aMxeKZG,2,1
aMxeLGP,19,0
aMxeLj1,19,0
aMxeLXR,19,0
aMxeLyA,19,0
aMxeMbV,19,0
aMxeMBX,19,0
aMxeMeG,19,0
aMxeMjP,19,0
aMxeMM6,19,0
aMxeMnM,19,0
aMxeMNR,19,0
aMxemOW,19,0
aMxeMpx,19,0
aMxeMqV,19,0
aMxeMrW,19,0
aMxeMXG,19,0
aMxeN5V,19,0
aMxeNbX,19,0
aMxeNQM,19,0
aMxeo0V,19,0
aMxeo3A,19,0
aMxeo5W,19,0
aMxeo6V,19,0
aMxeo8V,19,0
aMxeo9G,19,0
aMxeoGG,19,0
aMxeoKA,19,0
aMxeoMR,19,0
aMxeoNG,19,0
aMxeoOX,19,0
aMxeoP1,19,0
aMxeopP,19,0
aMxeorM,19,0
aMxeoVP,1,1
aMxeOWX,19,0
aMxeOX1,19,0
aMxeoXX,19,0
aMxeP1M,19,0
aMxeP2M,19,0
aMxeq3G,19,0
aMxeqb6,19,0
aMxeqD1,19,0
aMxeqgG,19,0
aMxev0P,19,0
aMxev56,19,0
aMxeW1G,19,0
aMxeW46,19,0
aMxeW5A,19,0
aMxeW8R,19,0
aMxeWGW,19,0
aMxeWK6,19,0
aMxewNP,19,0
aMxeWNW,19,0
aMxeWrV,19,0
aMxex1X,19,0
aMxexex,19,0
aMxeXvM,19,0
aMxey2W,19,0
aMxey3X,19,0
aMxey66,19,0
aMxeYLP,19,0
aMYp3V6,19,0
aMYppbP,19,0
aMYppr6,19,0
aN0yy2A,19,0
an4e0jV,19,0
an4e0oV,19,0
an4e0q5,19,0
an4e0Xo,19,0
an4e1jb,19,0
an4e2V0,19,0
an4e39B,19,0
an4e3e0,19,0
an4e3gV,19,0
an4e3gz,19,0
an4e3OL,19,0
an4e3zV,19,0
an4e4Rz,19,0
an4e5E0,19,0
an4e60b,19,0
an4e62o,19,0
an4e64q,19,0
an4e66q,19,0
an4e6A5,19,0
an4e6bb,19,0
an4e6bn,19,0
an4e6Dz,19,0
an4e6EB,19,0
an4e6ez,19,0
an4e6g5,19,0
an4e6jn,19,0
an4e6Lq,19,0
an4e6no,19,0
an4e6P0,19,0
an4e6RE,19,0
an4e6Ro,19,0
an4e6rV,19,0
an4e6rz,13,1
an4e6WL,19,0
an4e6wn,19,0
an4e6XV,19,0
an4e6z5,19,0
an4e7Kn,19,0
an4e8A5,19,0
an4e8bb,19,0
an4e8EB,19,0
an4e8NL,19,0
an4e8pq,19,0
an4e8qB,19,0
an4e8RE,19,0
an4e8WL,19,0
an4e91B,19,0
an4e94b,19,0
an4eBOL,19,0
an4eBy5,19,0
an4edEn,19,0
an4edQB,19,0
an4edr0,19,0
an4edRL,19,0
an4edW5,19,0
an4edwo,19,0
an4edZE,19,0
an4ee20,19,0
an4eE4V,19,0
an4eEeq,19,0
an4eEG5,19,0
an4eejz,19,0
an4eEr5,19,0
an4eEzb,19,0
an4egp0,19,0
an4eGPn,19,0
an4eGxo,19,0
an4ej5E,19,0
an4ej95,19,0
an4eKe5,19,0
an4eKEq,19,0
an4em0q,19,0
an4em10,19,0
an4em3q,19,0
an4em7B,19,0
an4emB0,19,0
an4emBn,19,0
an4emDb,19,0
an4emEL,19,0
an4emj5,19,0
an4emjq,19,0
an4emLo,19,0
an4emmE,19,0
an4emN0,19,0
an4emnV,19,0
an4emrb,19,0
an4emVn,19,0
an4emW0,19,0
an4emw5,19,0
an4emXn,19,0
an4emyq,19,0
an4eMzq,19,0
an4eN80,19,0
an4eN9q,19,0
an4eNmE,19,0
an4eNxV,19,0
an4eo4b,19,0
an4eobV,19,0
an4eojV,19,0
an4eomb,19,0
an4eovq,19,0
an4eP0E,19,0
an4eP1E,19,0
an4eP2n,19,0
an4eP4z,19,0
an4eP9B,19,0
an4ePB5,19,0
an4ePD0,19,0
an4ePgV,19,0
an4ePmz,19,0
an4ePOL,19,0
an4ePQV,19,0
an4ePV5,19,0
an4ePvn,19,0
an4ePVq,19,0
an4ePwB,19,0
an4ePxn,19,0
an4ePyo,19,0
an4ePzL,19,0
an4eQ7E,19,0
an4eRg0,19,0
an4erm5,19,0
an4eRmn,19,0
an4erZ0,19,0
an4erzo,19,0
an4ev45,19,0
an4eV5V,19,0
an4eVBo,13,1
an4eVbz,19,0
an4eVD5,19,0
an4eVn0,19,0
an4eVQL,19,0
an4eVR0,19,0
an4eVVo,19,0
an4eW10,19,0
an4ew1L,19,0
an4eW95,19,0
an4eWBb,19,0
an4ewdL,19,0
an4eWdn,19,0
an4ewgq,19,0
an4ewKV,19,0
an4ewo0,19,0
an4eWoq,19,0
an4eWqL,19,0
an4eWvV,19,0
an4ewxB,19,0
an4ex60,19,0
an4exqo,19,0
an4eXrB,19,0
an4exvE,19,0
an4eYEV,19,0
an4eyGE,19,0
an4eYm5,19,0
an4eZ00,19,0
an4ez5z,19,0
an4eZeL,19,0
an4eZLo,19,0
an4eZwq,19,0
an4eZYb,19,0
an4eZzo,19,0
an5ALeb,19,0
an5ALjE,19,0
an5ALOV,19,0
an5ApAE,19,0
aNgm104,19,0
aNgm150,19,0
aNgm24v,19,0
aNgm2qr,19,0
aNgm2W0,19,0
aNgm2x3,19,0
aNgm3Bb,19,0
aNgm3ow,19,0
aNgm3zA,19,0
aNgm3Zw,19,0
aNgm4A6,19,0
aNgm5g4,19,0
aNgm5jA,19,0
aNgm5V3,19,0
aNgm5Xr,19,0
aNgm71K,19,0
aNgm724,19,0
aNgm730,19,0
aNgm74G,19,0
aNgm784,19,0
aNgm7BG,19,0
aNgm7Ew,19,0
aNgm7Gb,19,0
aNgm7K0,19,0
aNgm7p3,15,1
aNgm7Qv,19,0
aNgm7Vv,19,0
aNgm7YK,19,0
aNgm88G,19,0
aNgm8E0,19,0
aNgm8jA,19,0
aNgm8N4,19,0
aNgm8Y0,19,0
aNgm9j6,19,0
aNgm9x4,19,0
aNgmAB0,19,0
aNgmAz3,19,0
aNgmb94,19,0
aNgmbew,19,0
aNgmbK6,19,0
aNgmbQb,19,0
aNgmbvb,19,0
aNgmBWv,19,0
aNgmbXA,19,0
aNgmDg3,19,0
aNgmdPr,19,0
aNgmE16,19,0
aNgmE44,12,1
aNgmEB0,19,0
aNgmEDG,19,0
aNgmEdw,19,0
aNgmEKK,19,0
aNgmELG,19,0
aNgmEOb,19,0
aNgmEQr,19,0
aNgmER4,19,0
aNgmEyG,19,0
aNgmG94,19,0
aNgmGD0,19,0
aNgmGK3,19,0
aNgmgn4,19,0
aNgmGOw,19,0
aNgmGPr,19,0
aNgmGVb,19,0
aNgmgy6,19,0
aNgmGZ3,19,0
aNgmj64,19,0
aNgmjXG,19,0
aNgmKj4,19,0
aNgmLmA,19,0
aNgmM7w,19,0
aNgmmBb,6,1
aNgmmLr,19,0
aNgmmpG,19,0
aNgmMy6,19,0
aNgmMzb,19,0
aNgmn1b,19,0
aNgmN2G,19,0
aNgmN3v,19,0
aNgmn4v,19,0
aNgmN7b,19,0
aNgmNDK,19,0
aNgmNdr,19,0
aNgmNgb,19,0
aNgmNGr,19,0
aNgmNjv,19,0
aNgmNKG,19,0
aNgmNNb,19,0
aNgmNnG,19,0
aNgmNOA,19,0
aNgmNov,19,0
aNgmNQ3,19,0
aNgmNqG,19,0
aNgmNV6,19,0
aNgmNZv,19,0
aNgmoDb,19,0
aNgmOrv,19,0
aNgmp2G,19,0
aNgmPdA,19,0
aNgmqg6,19,0
aNgmQMK,19,0
aNgmR5w,19,0
aNgmRzw,19,0
aNgmVBA,19,0
aNgmVEb,19,0
aNgmVxw,19,0
aNgmw2w,19,0
aNgmwKK,19,0
aNgmX53,19,0
aNgmX9G,19,0
aNgmXxv,19,0
aNgmYK6,19,0
aNgmYpr,19,0
aNgmZ0v,19,0
aNgmZeK,19,0
aNgmZow,19,0
aO066g2,19,0
aO066OR,19,0
aO066qE,19,0
aO06g4E,19,0
aO06gGR,19,0
ao5BB3n,19,0
ao5BbD0,19,0
ao5BbNX,19,0
ao5BrGw,19,0
ao5BrKX,19,0
ao5BvD3,19,0
aO7o2bR,19,0
aO7o3L2,19,0
aO7o3vM,19,0
aO7o473,19,0
aO7o502,2,1
aO7o53N,19,0
aO7o54r,19,0
aO7o55v,19,0
aO7o586,6,1
aO7o5dM,19,0
aO7o5nM,19,0
aO7o5PE,19,0
aO7o5py,19,0
aO7o5rv,19,0
aO7o5zM,19,0
aO7oA0v,19,0
aO7oA26,19,0
aO7oA72,19,0
aO7oAby,19,0
aO7oADD,19,0
aO7oAGy,19,0
aO7oAM2,19,0
aO7oAnR,19,0
aO7oAQN,19,0
aO7oAXN,19,0
aO7obpr,19,0
aO7oBwr,19,0
aO7oD2D,19,0
aO7od3M,19,0
aO7oDB2,19,0
aO7odOy,19,0
aO7oeNy,19,0
aO7oGmD,19,0
aO7oGW3,19,0
aO7oGXM,19,0
aO7oGZ2,19,0
aO7ojKv,19,0
aO7ojov,19,0
aO7ojy2,19,0
aO7oL2R,19,0
aO7oL6R,19,0
aO7oL7y,19,0
aO7oL9v,19,0
aO7oLAr,19,0
aO7oLb6,19,0
aO7oLBD,19,0
aO7oLDv,19,0
aO7oLED,19,0
aO7oLg3,19,0
aO7oLm6,19,0
aO7oLP2,19,0
aO7oLpN,19,0
aO7oLQ3,19,0
aO7oM0r,19,0
aO7oM4y,19,0
aO7oM56,19,0
aO7oM6E,19,0
aO7oMbv,19,0
aO7oMdN,19,0
aO7oMgE,19,0
aO7oMGv,2,1
aO7oMMr,19,0
aO7oMN2,19,0
aO7oMnN,19,0
aO7oMoR,19,0
aO7oMPR,19,0
aO7oMqM,19,0
aO7oMRM,19,0
aO7oMv2,19,0
aO7oMwD,19,0
aO7oMXD,19,0
aO7oMxE,19,0
aO7omy2,19,0
aO7oN06,19,0
aO7on6v,19,0
aO7oN93,19,0
aO7oNBN,19,0
aO7onBy,19,0
aO7one2,19,0
aO7oNKR,19,0
aO7onLR,19,0
aO7onNE,19,0
aO7onr3,19,0
aO7oNvv,19,0
aO7onZN,19,0
aO7oO12,19,0
aO7oOm6,19,0
aO7oOov,19,0
aO7oOXy,19,0
aO7oOYE,19,0
aO7oOyN,19,0
aO7opMv,19,0
aO7opZr,19,0
aO7oQpD,19,0
aO7oQxv,19,0
aO7oR8D,19,0
aO7oR9y,19,0
aO7oRvv,19,0
aO7oV1R,19,0
aO7ov9D,19,0
aO7ovOM,19,0
aO7oVP3,19,0
aO7ovPE,19,0
aO7ow2r,19,0
aO7ow3N,19,0
aO7owAM,19,0
aO7oWB3,19,0
aO7owBv,19,0
aO7owG3,19,0
aO7owMN,19,0
aO7ownM,19,0
aO7owp3,19,0
aO7owqy,19,0
aO7owrv,19,0
aO7oxG6,19,0
aO7ozj6,19,0
aO7oZm2,19,0
aO7oZqv,19,0
aoPm0Ww,19,0
aoPm1vA,13,1
aoPm3n3,19,0
aoPm40e,19,0
aoPm45g,19,0
aoPm653,19,0
aoPm6Bm,19,0
aoPm6e3,19,0
aoPm6MA,19,0
aoPm6ng,19,0
aoPm6pX,19,0
aoPm6XA,19,0
aoPm730,19,0
aoPm7AA,19,0
aoPm7j3,19,0
aoPm7Kw,19,0
aoPm7mX,19,0
aoPm7Om,19,0
aoPm7W0,19,0
aoPm7xn,19,0
aoPm8X3,19,0
aoPm9mm,19,0
aoPm9VA,19,0
aoPmAox,19,0
aoPmApe,19,0
aoPmAyn,19,0
aoPmAzA,19,0
aoPmD5m,19,0
aoPmD6A,19,0
aoPmd72,19,0
aoPmDEn,19,0
aoPmDgx,19,0
aoPmDj2,19,0
aoPmdMA,19,0
aoPmdn0,19,0
aoPmDOA,19,0
aoPmdRx,19,0
aoPmeAA,19,0
aoPmexn,19,0
aoPmG02,19,0
aoPmg03,19,0
aoPmGEX,19,0
aoPmGNm,19,0
aoPmGrw,19,0
aoPmGwm,19,0
aoPmjY0,19,0
aoPmjz0,19,0
aoPmK22,19,0
aoPmKL0,19,0
aoPmLZX,19,0
aoPmm8n,19,0
aoPmM9e,19,0
aoPmn1e,19,0
aoPmN3X,19,0
aoPmnb0,19,0
aoPmnE3,0,1
aoPmNL3,19,0
aoPmNYA,19,0
aoPmoLe,19,0
aoPmOOg,19,0
aoPmpBn,19,0
aoPmPZw,19,0
aoPmQ0n,19,0
aoPmq0x,19,0
aoPmQ12,19,0
aoPmQ3x,19,0
aoPmQ5A,19,0
aoPmQ73,19,0
aoPmQ80,19,0
aoPmQDn,19,0
aoPmqEe,19,0
aoPmqen,19,0
aoPmQgm,19,0
aoPmqK2,19,0
aoPmQm0,19,0
aoPmqmm,19,0
aoPmQN3,19,0
aoPmQng,19,0
aoPmQo2,19,0
aoPmqOg,19,0
aoPmQPA,19,0
aoPmqQn,19,0
aoPmQqX,19,0
aoPmQrm,19,0
aoPmQw3,19,0
aoPmqwg,19,0
aoPmQye,19,0
aoPmQZg,19,0
aoPmv0w,19,0
aoPmv2g,19,0
aoPmv3A,19,0
aoPmv90,19,0
aoPmvB3,19,0
aoPmvDw,19,0
aoPmvg2,19,0
aoPmvGg,19,0
aoPmvme,19,0
aoPmvNn,19,0
aoPmvnw,19,0
aoPmVO3,19,0
aoPmvon,19,0
aoPmvr3,19,0
aoPmvwn,19,0
aoPmvYx,19,0
aoPmw1x,19,0
aoPmwm3,19,0
aoPmwP0,19,0
aoPmwR2,19,0
aoPmwww,19,0
aoPmX43,19,0
aoPmx4X,19,0
aoPmxDA,19,0
aoPmXde,19,0
aoPmXe0,19,0
aoPmXGx,19,0
aoPmxjA,19,0
aoPmXje,19,0
aoPmXKn,19,0
aoPmXLA,19,0
aoPmXMg,19,0
aoPmXPg,19,0
aoPmXpx,14,1
aoPmXQ0,19,0
aoPmzdx,19,0
aoPmZpm,19,0
ap5eeV8,19,0
ap5eOz9,19,0
ap5eWB5,19,0
ap5eyvn,19,0
aP7603n,19,0
aP760NK,19,0
aP760nR,19,0
aP760pQ,19,0
aP760Rg,19,0
aP760Yg,19,0
aP7618n,19,0
aP761DV,19,0
aP7628G,13,1
aP762AQ,19,0
aP762dB,19,0
aP762oG,19,0
aP762Qg,19,0
aP762WB,19,0
aP7637R,19,0
aP763Rw,19,0
aP763ZQ,19,0
aP764ow,19,0
aP7653R,19,0
aP7655R,19,0
aP7656n,19,0
aP7657R,19,0
aP7659V,19,0
aP765BV,19,0
aP765bw,19,0
aP765KQ,19,0
aP765LV,19,0
aP765oG,19,0
aP765Rw,19,0
aP765Xn,19,0
aP765yK,19,0
aP765zP,19,0
aP766AP,19,0
aP766Vg,19,0
aP766XQ,19,0
aP7671P,19,0
aP7672Q,19,0
aP768dP,19,0
aP768XK,19,0
aP76b1R,19,0
aP76b3K,19,0
aP76B3n,13,1
aP76b4Q,19,0
aP76b5K,19,0
aP76b9G,19,0
aP76bbn,19,0
aP76BdQ,19,0
aP76bEn,19,0
aP76bGQ,19,0
aP76bmP,19,0
aP76bnQ,19,0
aP76boV,19,0
aP76bPP,19,0
aP76bpQ,19,0
aP76bqg,19,0
aP76bQw,19,0
aP76bWq,19,0
aP76bww,19,0
aP76bzq,19,0
aP76d2R,19,0
aP76dAG,19,0
aP76dbQ,19,0
aP76dDV,19,0
aP76djR,19,0
aP76dpV,19,0
aP76dRQ,19,0
aP76E3G,19,0
aP76E4V,19,0
aP76E6B,19,0
aP76EjQ,19,0
aP76EMR,19,0
aP76EoK,19,0
aP76epn,19,0
aP76EQB,19,0
aP76Eqq,19,0
aP76EVR,19,0
aP76EWw,19,0
aP76EXP,19,0
aP76EyV,19,0
aP76EZG,19,0
aP76g4Q,19,0
aP76GBq,19,0
aP76GKn,19,0
aP76GmB,19,0
aP76jZR,19,0
aP76LGV,19,0
aP76LpV,19,0
aP76LqQ,19,0
aP76LRq,19,0
aP76M6Q,19,0
aP76n0n,19,0
aP76nDG,19,0
aP76ngP,19,0
aP76nZP,19,0
aP76o0Q,19,0
aP76oKg,19,0
aP76PAP,19,0
aP76peV,19,0
aP76pGR,19,0
aP76pKn,19,0
aP76pQV,19,0
aP76Qow,19,0
aP76QvQ,19,0
aP76qzn,19,0
aP76r2P,19,0
aP76rqV,19,0
aP76RXw,19,0
aP76RyR,19,0
aP76V3P,19,0
aP76VAV,19,0
aP76vdV,19,0
aP76VGG,19,0
aP76vOG,19,0
aP76VRB,19,0
aP76VXq,19,0
aP76xdP,19,0
aP76xjw,19,0
aP76yBB,19,0
aP76Ydg,19,0
aP76YKV,19,0
aP76YVn,19,0
aP76zBP,19,0
aP76zeG,19,0
aP76zjV,19,0
aP76zKR,19,0
aP76zLP,19,0
aP76zNR,19,0
aP76zPq,19,0
aP76zrn,19,0
aP76zwg,19,0
aP76zxQ,19,0
aP76zyn,19,0
aP76zzB,19,0
aP76zZR,19,0
apGK3BW,19,0
apGK40E,19,0
apGK41W,19,0
apGK43W,19,0
apGK46p,19,0
apGK48E,19,0
apGK498,19,0
apGK4An,19,0
apGK4BE,12,1
apGK4dE,19,0
apGK4e8,19,0
apGK4En,19,0
apGK4j5,19,0
apGK4N9,19,0
apGK4Pp,19,0
apGK4wM,19,0
apGK4ZB,19,0
apGK53n,19,0
apGK5GW,19,0
apGK7AD,13,1
apGK7e8,19,0
apGK7g9,19,0
apGK7Qb,19,0
apGK7Xb,19,0
apGK8bM,19,0
apGK8mp,19,0
apGK8pW,19,0
apGKbdB,19,0
apGKd8b,19,0
apGKddb,19,0
apGKdRp,19,0
apGKdvM,19,0
apGKdw9,19,0
apGKG1W,19,0
apGKGdE,19,0
apGKj18,19,0
apGKj2b,19,0
apGKj5M,19,0
apGKj99,19,0
apGKjKp,19,0
apGKjVn,19,0
apGKM7p,19,0
apGKMB8,19,0
apGKMj8,19,0
apGKMLW,19,0
apGKMmD,19,0
apGKMv8,19,0
apGKn2p,8,1
apGKNAW,19,0
apGKnbM,19,0
apGKneE,19,0
apGKnRE,19,0
apGKnXW,19,0
apGKO1B,19,0
apGKO55,19,0
apGKo5E,13,1
apGKO69,19,0
apGKO9M,7,1
apGKOBD,19,0
apGKOD9,19,0
apGKOKW,19,0
apGKOM5,19,0
apGKONb,19,0
apGKOOb,19,0
apGKOop,19,0
apGKOWM,19,0
apGKOZ5,19,0
apGKOzn,19,0
apGKPNM,19,0
apGKpY5,19,0
apGKQKD,19,0
apGKqMb,19,0
apGKQMM,19,0
apGKV3M,19,0
apGKV7n,19,0
apGKVA8,19,0
apGKVPB,19,0
apGKvWB,19,0
apGKvzE,19,0
apGKwOb,19,0
apGKwqW,19,0
apGKX79,19,0
apGKXDn,19,0
apGKXnB,19,0
apGKXq5,19,0
apGKXvM,19,0
apGKXXB,19,0
apGKZ0M,19,0
apGKZ5W,19,0
apGKZ79,19,0
apGKZb5,19,0
apGKZE5,19,0
apGKzE8,19,0
apGKZeD,19,0
apGKZPE,19,0
apGKZrB,19,0
apGKZzB,19,0
apGKZZW,19,0
aPRO5RK,19,0
aPROOxR,19,0
aQ1YwBK,19,0
aQ1YYVr,19,0
aQd63eK,19,0
aQd63M7,19,0
aQd64jw,19,0
aQd64n8,19,0
aQd64oe,19,0
aQd64zK,19,0
aQd65Pr,19,0
aQd65Vw,19,0
aQd65Y2,19,0
aQd66Y7,19,0
aQd6792,19,0
aQd68mw,0,1
aQd69N2,19,0
aQd6A4e,19,0
aQd6AG2,19,0
aQd6AMK,13,1
aQd6AVe,19,0
aQd6AwW,19,0
aQd6B0d,19,0
aQd6B2z,19,0
aQd6B3K,8,1
aQd6b52,19,0
aQd6Bdq,19,0
aQd6BLq,19,0
aQd6BOr,19,0
aQd6bp7,19,0
aQd6BPz,19,0
aQd6bR2,13,1
aQd6BRK,19,0
aQd6bZe,19,0
aQd6bzz,19,0
aQd6D62,19,0
aQd6DEK,19,0
aQd6Dn8,19,0
aQd6DqW,19,0
aQd6Dxz,19,0
aQd6eed,19,0
aQd6exq,19,0
aQd6G02,19,0
aQd6G2r,19,0
aQd6g7z,19,0
aQd6GAz,19,0
aQd6GB7,19,0
aQd6GbK,19,0
aQd6GeK,19,0
aQd6Gmz,19,0
aQd6Gpw,19,0
aQd6Gre,19,0
aQd6Gx7,19,0
aQd6GzW,19,0
aQd6jMr,19,0
aQd6jPW,19,0
aQd6Kge,19,0
aQd6Kpd,19,0
aQd6Kqq,19,0
aQd6L08,19,0
aQd6L1W,19,0
aQd6L32,19,0
aQd6L7w,19,0
aQd6LBq,19,0
aQd6LEz,19,0
aQd6LG8,19,0
aQd6LMd,19,0
aQd6Lme,19,0
aQd6LO7,19,0
aQd6LVK,19,0
aQd6Lvr,19,0
aQd6Lwz,19,0
aQd6LyK,14,1
aQd6Lzz,19,0
aQd6MOW,19,0
aQd6mrr,19,0
aQd6n38,19,0
aQd6N5d,19,0
aQd6N9q,19,0
aQd6NE8,19,0
aQd6NGW,19,0
aQd6nWz,19,0
aQd6nXr,19,0
aQd6nZK,19,0
aQd6ood,19,0
aQd6qQz,19,0
aQd6R6W,19,0
aQd6rGr,19,0
aQd6rj8,19,0
aQd6rve,19,0
aQd6VE7,19,0
aQd6VgK,19,0
aQd6VN8,19,0
aQd6vQ2,19,0
aQd6vW7,19,0
aQd6W0w,19,0
aQd6W3z,19,0
aQd6W5z,19,0
aQd6W7K,19,0
aQd6W8W,19,0
aQd6WAK,19,0
aQd6Wdr,19,0
aQd6WGw,19,0
aQd6Wn2,19,0
aQd6WNW,19,0
aQd6Wow,0,1
aQd6WPq,19,0
aQd6WQ7,19,0
aQd6Wr2,19,0
aQd6WRz,19,0
aQd6Wv7,19,0
aQd6WxW,19,0
aQd6y0q,19,0
aQd6y2z,19,0
aQd6ynw,19,0
aQd6yWK,19,0
aQd6z27,19,0
aQd6ZgK,19,0
aqgv35p,19,0
aqgvqYv,19,0
aqgvvWj,19,0
aqgvvXM,19,0
aqn400Q,19,0
aqn401v,19,0
aqn405R,19,0
aqn406j,19,0
aqn409P,19,0
aqn40dR,19,0
aqn40E7,19,0
aqn40eM,19,0
aqn40g7,19,0
aqn40jQ,19,0
aqn40Lp,19,0
aqn40Mv,19,0
aqn40nQ,19,0
aqn40o7,19,0
aqn40qM,19,0
aqn40WP,19,0
aqn40XZ,19,0
aqn40zP,19,0
aqn41Gj,19,0
aqn41wM,19,0
aqn422Q,19,0
aqn42nY,19,0
aqn42qP,19,0
aqn46pQ,19,0
aqn47NL,19,0
aqn47P7,19,0
aqn48DM,19,0
aqn48nL,19,0
aqn496R,19,0
aqn4A1P,19,0
aqn4A87,19,0
aqn4AbP,19,0
aqn4AgL,19,0
aqn4AzM,19,0
aqn4B7v,19,0
aqn4BdL,19,0
aqn4Bj7,19,0
aqn4Bn7,19,0
aqn4BpL,19,0
aqn4BQj,19,0
aqn4BvM,19,0
aqn4bY7,19,0
aqn4DBL,19,0
aqn4ddQ,19,0
aqn4DEv,19,0
aqn4dNQ,19,0
aqn4DVR,19,0
aqn4Dwp,19,0
aqn4dxv,19,0
aqn4E5Y,19,0
aqn4egP,19,0
aqn4ENj,19,0
aqn4Enp,19,0
aqn4GOL,19,0
aqn4gQv,19,0
aqn4gZQ,19,0
aqn4KML,19,0
aqn4LDP,19,0
aqn4M3j,19,0
aqn4MbQ,19,0
aqn4MQL,19,0
aqn4MRY,19,0
aqn4MwM,19,0
aqn4MxL,19,0
aqn4nAv,19,0
aqn4nL7,19,0
aqn4nrQ,19,0
aqn4nxR,19,0
aqn4o7Y,19,0
aqn4o8p,19,0
aqn4o97,19,0
aqn4odM,19,0
aqn4oGL,19,0
aqn4oKY,19,0
aqn4oLZ,19,0
aqn4OMj,19,0
aqn4onP,19,0
aqn4ooP,19,0
aqn4OoY,19,0
aqn4OPP,19,0
aqn4oRR,19,0
aqn4orZ,19,0
aqn4oVZ,19,0
aqn4p0Z,19,0
aqn4P3Y,19,0
aqn4p4L,19,0
aqn4P4R,19,0
aqn4P57,19,0
aqn4P6L,19,0
aqn4P7M,19,0
aqn4PDv,19,0
aqn4pej,19,0
aqn4PeY,19,0
aqn4PGj,19,0
aqn4PgZ,19,0
aqn4Pjj,19,0
aqn4PL7,19,0
aqn4PNv,19,0
aqn4PnZ,19,0
aqn4poM,19,0
aqn4POQ,19,0
aqn4pvj,19,0
aqn4PVQ,19,0
aqn4PvY,19,0
aqn4PwM,19,0
aqn4PXP,19,0
aqn4pyj,19,0
aqn4PYp,19,0
aqn4Pzp,19,0
aqn4V2j,19,0
aqn4V7L,19,0
aqn4w8Z,19,0
aqn4wjQ,19,0
aqn4wVp,19,0
aqn4WwP,19,0
aqn4wyM,19,0
aqn4xbR,19,0
aqn4YLv,19,0
aqn4Yyj,13,1
aqn4Z7p,19,0
aqn4ZNP,19,0
aqn4ZRM,19,0
aR0xx7j,19,0
aR760bA,19,0
aR76127,19,0
aR761oQ,19,0
aR762GQ,19,0
aR762z5,13,1
aR763LQ,19,0
aR763yB,19,0
aR764LG,19,0
aR766x5,19,0
aR766zM,19,0
aR767NM,19,0
aR767oy,19,0
aR767vy,19,0
aR767X2,19,0
aR7681B,19,0
aR7684M,19,0
aR768mA,19,0
aR768n5,19,0
aR768V2,19,0
aR768wQ,19,0
aR768zG,19,0
aR7690j,19,0
aR7695G,19,0
aR7696q,19,0
aR769gA,19,0
aR769j5,19,0
aR769YG,19,0
aR76AjG,19,0
aR76AQy,19,0
aR76b07,19,0
aR76b3Q,19,0
aR76b5q,19,0
aR76b77,19,0
aR76b9M,19,0
aR76bDj,19,0
aR76bdQ,19,0
aR76beM,19,0
aR76bEq,19,0
aR76bGG,19,0
aR76bMB,19,0
aR76bNM,19,0
aR76bO5,19,0
aR76bPj,19,0
aR76bpQ,19,0
aR76br2,19,0
aR76bX2,19,0
aR76bxq,19,0
aR76bZA,19,0
aR76D3A,19,0
aR76d47,19,0
aR76Dby,19,0
aR76DKq,19,0
aR76dLQ,19,0
aR76dM2,19,0
aR76dqM,14,1
aR76DY5,19,0
aR76DzG,19,0
aR76ewq,19,0
aR76G5B,19,0
aR76GeQ,19,0
aR76GM5,19,0
aR76Gqq,18,1
aR76GYA,19,0
aR76jg5,19,0
aR76jX7,19,0
aR76MRj,19,0
aR76N0Q,19,0
aR76n1M,19,0
aR76n2A,19,0
aR76n3j,19,0
aR76n47,19,0
aR76N52,19,0
aR76n7G,13,1
aR76n95,19,0
aR76nAy,19,0
aR76ndj,19,0
aR76ne5,19,0
aR76nEQ,19,0
aR76ngB,19,0
aR76njj,8,1
aR76nK5,19,0
aR76nL7,19,0
aR76nM2,19,0
aR76Nn7,19,0
aR76nOA,19,0
aR76nPB,19,0
aR76npM,19,0
aR76nqM,19,0
aR76Nr7,19,0
aR76nRB,19,0
aR76NvB,19,0
aR76nvq,19,0
aR76nVy,19,0
aR76nwA,19,0
aR76nZ2,19,0
aR76p0y,19,0
aR76pGA,19,0
aR76pP2,19,0
aR76pqy,19,0
aR76q2M,1,1
aR76q5B,19,0
aR76q7A,19,0
aR76qBy,19,0
aR76qj2,19,0
aR76qnA,19,0
aR76qOG,19,0
aR76qoM,19,0
aR76qpq,19,0
aR76qrB,19,0
aR76qRG,19,0
aR76qVQ,19,0
aR76qW2,18,1
aR76qwM,19,0
aR76qXA,19,0
aR76RNB,19,0
aR76RW5,19,0
aR76V0q,19,0
aR76VxB,19,0
aR76VyG,19,0
aR76WE2,19,0
aR76WGG,13,1
aR76WO5,19,0
aR76WR5,19,0
aR76WY2,19,0
aR76WZA,19,0
aR76y7q,19,0
aR76y9Q,19,0
aR76yd2,19,0
aR76yG7,19,0
aR76yM5,19,0
aR76yVG,19,0
aR76ywj,19,0
aR76yYA,19,0
aR76ZZj,19,0
aroP6B5,19,0
aroPjGK,19,0
aroPP46,19,0
aroPPN5,2,1
aroPPqy,19,0
aroPPZK,19,0
arV105y,19,0
arV10A0,19,0
arV10Ld,19,0
arV10r7,19,0
arV10y5,19,0
arV113p,19,0
arV11Ap,19,0
arV15G7,19,0
arV15ny,19,0
arV1776,19,0
arV17d7,19,0
arV17DK,19,0
arV17Ey,19,0
arV17j5,19,0
arV17m5,19,0
arV17OK,19,0
arV17pB,19,0
arV17PX,19,0
arV17Q6,19,0
arV17vV,19,0
arV1846,19,0
arV18XK,19,0
arV1950,19,0
arV199X,19,0
arV19b0,19,0
arV19K5,19,0
arV19nB,19,0
arV19r5,19,0
arV1bR7,19,0
arV1D17,19,0
arV1D7X,19,0
arV1D9d,19,0
arV1DAV,19,0
arV1ddB,8,1
arV1DKd,19,0
arV1dn6,19,0
arV1DO6,19,0
arV1dQd,19,0
arV1DWp,19,0
arV1Dyp,19,0
arV1dzB,19,0
arV1Dzy,19,0
arV1E5B,19,0
arV1Emy,19,0
arV1EPd,19,0
arV1Ew7,19,0
arV1Ex5,19,0
arV1Eyd,19,0
arV1G96,19,0
arV1KDV,19,0
arV1L2K,19,0
arV1L55,19,0
arV1LoX,18,1
arV1Lw5,14,1
arV1Lx7,19,0
arV1MdX,19,0
arV1mrK,19,0
arV1Nvd,19,0
arV1nX7,19,0
arV1Oq7,19,0
arV1pd0,19,0
arV1Q36,19,0
arV1Q9V,19,0
arV1QB0,19,0
arV1QDB,19,0
arV1Qg7,19,0
arV1QKV,19,0
arV1QNV,19,0
arV1Qny,19,0
arV1QPd,19,0
arV1QqX,19,0
arV1QRp,19,0
arV1QrV,19,0
arV1Qv0,19,0
arV1QX5,19,0
arV1Qyd,19,0
arV1Qzp,19,0
arV1r0V,19,0
arV1r15,19,0
arV1rG7,19,0
arV1rgB,19,0
arV1rKp,19,0
arV1rrp,19,0
arV1rvX,19,0
arV1rWd,19,0
arV1v66,19,0
arV1VxX,19,0
arV1w45,19,0
arV1wd5,19,0
arV1WgV,19,0
arV1wp6,19,0
arV1wQV,19,0
arV1wrX,19,0
arV1wy7,19,0
arV1X2p,19,0
arV1x95,19,0
arV1xO5,19,0
arV1XzV,19,0
arV1Y45,19,0
arV1Y5p,19,0
arV1YAy,19,0
arV1YD0,19,0
arV1YEp,19,0
arV1yGK,19,0
arV1YLV,19,0
arV1Ym7,19,0
arV1YMB,19,0
arV1YQB,19,0
arV1YrX,19,0
arV1Yv6,19,0
arV1YWK,19,0
arV1Ywp,19,0
arV1YYB,19,0
arV1Yz5,19,0
arV1zAV,19,0
arV1zE6,19,0
arV1zNd,19,0
arV1zry,19,0
aV0GGBP,19,0
aV0GGOP,19,0
aV0Gnoy,19,0
avobbEq,19,0
avobbZ5,19,0
aVwj0Av,19,0
aVwj11K,19,0
aVwj14K,19,0
aVwj172,19,0
aVwj1Gy,19,0
aVwj1Ln,19,0
aVwj1Ny,19,0
aVwj1YO,19,0
aVwj2bv,19,0
aVwj2vd,19,0
aVwj32v,19,0
aVwj478,19,0
aVwj49n,19,0
aVwj4qM,19,0
aVwj4Vv,19,0
aVwj4y8,19,0
aVwj56K,19,0
aVwj5DM,19,0
aVwj5dn,19,0
aVwj5g2,19,0
aVwj5MM,19,0
aVwj5Rd,19,0
aVwj5xO,19,0
aVwj68v,19,0
aVwj6dP,19,0
aVwj6j2,19,0
aVwj6L2,19,0
aVwj6Md,19,0
aVwj6O2,19,0
aVwj6rd,19,0
aVwj6Yn,19,0
aVwj7oy,19,0
aVwj7Vv,19,0
aVwj8gn,19,0
aVwj8O8,19,0
aVwj8QO,11,1
aVwj8RO,19,0
aVwj8ry,19,0
aVwj8YP,19,0
aVwj91P,8,1
aVwj92w,19,0
aVwj93d,19,0
aVwj9bK,19,0
aVwj9GK,19,0
aVwj9pn,19,0
aVwj9Qy,19,0
aVwj9vK,19,0
aVwj9Wy,19,0
aVwj9Xy,19,0
aVwjA08,19,0
aVwjA1n,19,0
aVwjA58,19,0
aVwjA5K,19,0
aVwjA7O,19,0
aVwjA8K,19,0
aVwjA8M,19,0
aVwjA9M,19,0
aVwjAAO,19,0
aVwjAbw,19,0
aVwjAdn,19,0
aVwjAEy,19,0
aVwjAg2,19,0
aVwjAjP,19,0
aVwjAMK,19,0
aVwjAmP,19,0
aVwjANO,19,0
aVwjANw,19,0
aVwjAOd,19,0
aVwjAOv,19,0
aVwjAPn,19,0
aVwjAQd,19,0
aVwjAqK,19,0
aVwjAv2,19,0
aVwjAVd,19,0
aVwjAWd,19,0
aVwjAWn,19,0
aVwjAxw,19,0
aVwjAZP,19,0
aVwjAzv,19,0
aVwjB3v,19,0
aVwjB4P,19,0
aVwjB6d,19,0
aVwjbAd,19,0
aVwjBDP,19,0
aVwjBK8,19,0
aVwjBLw,19,0
aVwjbX2,19,0
aVwjd4w,19,0
aVwjD5d,19,0
aVwjdAP,19,0
aVwjdbv,19,0
aVwjdEn,19,0
aVwjdew,19,0
aVwjdgn,19,0
aVwjdq2,19,0
aVwje0K,19,0
aVwjE3P,19,0
aVwjEAd,19,0
aVwjeVv,19,0
aVwjg9K,19,0
aVwjgOd,19,0
aVwjgWn,19,0
aVwjjpn,19,0
aVwjjRw,19,0
aVwjK8w,19,0
aVwjKgd,19,0
aVwjKpy,19,0
aVwjLd2,19,0
aVwjLPy,19,0
aVwjLW2,19,0
aVwjLZO,19,0
aVwjM1K,19,0
aVwjMov,19,0
aVwjmww,19,0
aVwjmXM,19,0
aVwjO0O,19,0
aVwjOq8,19,0
aVwjp02,19,0
aVwjp18,19,0
aVwjp2M,19,0
aVwjp3w,19,0
aVwjp5w,19,0
aVwjp62,19,0
aVwjp6w,19,0
aVwjp7y,19,0
aVwjp8O,19,0
aVwjp9O,19,0
aVwjpAy,19,0
aVwjpBK,19,0
aVwjpbP,13,1
aVwjpd8,19,0
aVwjpdK,19,0
aVwjpe8,19,0
aVwjpEv,19,0
aVwjpGP,19,0
aVwjPmd,19,0
aVwjpMO,19,0
aVwjpMw,19,0
aVwjPny,19,0
aVwjpOM,19,0
aVwjpqO,19,0
aVwjpVM,19,0
aVwjpw2,19,0
aVwjpwy,19,0
aVwjpXK,19,0
aVwjpxy,19,0
aVwjpy2,19,0
aVwjpYw,19,0
aVwjpzM,19,0
aVwjpZn,19,0
aVwjqmM,19,0
aVwjqon,19,0
aVwjQpK,19,0
aVwjQZy,19,0
aVwjr18,19,0
aVwjR2P,19,0
aVwjR5M,19,0
aVwjR6M,19,0
aVwjr72,19,0
aVwjrAy,18,1
aVwjrdK,19,0
aVwjrEv,19,0
aVwjrKd,19,0
aVwjRpK,19,0
aVwjrZd,19,0
aVwjv8w,19,0
aVwjV98,19,0
aVwjVA2,19,0
aVwjvLM,19,0
aVwjvmn,19,0
aVwjvW8,19,0
aVwjvZn,19,0
aVwjWLO,19,0
aVwjX3y,19,0
aVwjxbK,19,0
aVwjxKO,19,0
aVwjxxK,19,0
aVwjy12,19,0
aVwjy28,19,0
aVwjy6P,19,0
aVwjy7d,19,0
aVwjy7v,19,0
aVwjy92,19,0
aVwjY9v,19,0
aVwjyAd,19,0
aVwjyBO,19,0
aVwjyBw,19,0
aVwjyD2,19,0
aVwjydw,19,0
aVwjygn,19,0
aVwjyj8,19,0
aVwjyKM,19,0
aVwjyMy,19,0
aVwjyoM,19,0
aVwjyOO,19,0
aVwjyP2,19,0
aVwjYqv,19,0
aVwjyqy,19,0
aVwjyvn,19,0
aVwjywv,19,0
aVwjyxd,19,0
aVwjyXw,19,0
aVwjyYP,19,0
aVwjyyv,19,0
aVwjyz8,19,0
aVwjyZK,19,0
aVwjz9w,19,0
aVwjzAP,19,0
aVwjZjy,19,0
aVwjzR8,19,0
avz21Xd,19,0
avz226b,19,0
avz229E,19,0
avz22bW,19,0
avz22XZ,19,0
avz2425,19,0
avz243O,19,0
avz248X,19,0
avz24DM,19,0
avz24gd,13,1
avz24GW,19,0
avz24nn,19,0
avz24OW,19,0
avz24OX,19,0
avz24p5,19,0
avz24QO,19,0
avz24rn,19,0
avz24Vn,19,0
avz24wX,19,0
avz24XM,19,0
avz26MZ,19,0
avz270W,19,0
avz27KE,19,0
avz27oE,19,0
avz27pn,19,0
avz28yb,19,0
avz2995,19,0
avz29KX,19,0
avz29MX,19,0
avz29vZ,19,0
avz29XM,19,0
avz2A9Z,19,0
avz2AeO,19,0
avz2B0q,19,0
avz2B2E,19,0
avz2BGd,19,0
avz2BgZ,19,0
avz2BjM,19,0
avz2BKn,19,0
avz2Bpq,15,1
avz2BRE,19,0
avz2BVd,19,0
avz2D3d,19,0
avz2D6n,19,0
avz2D8Z,19,0
avz2DAd,19,0
avz2dAq,19,0
avz2DbM,19,0
avz2DBq,19,0
avz2DM5,19,0
avz2DmO,19,0
avz2DNd,19,0
avz2DQM,19,0
avz2DXE,19,0
avz2DxW,19,0
avz2E0M,19,0
avz2ebn,19,0
avz2ELW,19,0
avz2EOb,19,0
avz2EzE,19,0
avz2g5n,19,0
avz2GZO,19,0
avz2j8n,19,0
avz2jbb,19,0
avz2jEO,19,0
avz2jL5,19,0
avz2jLZ,19,0
avz2jnd,19,0
avz2jzn,19,0
avz2K9O,19,0
avz2KeW,19,0
avz2KEX,19,0
avz2KK5,19,0
avz2KLE,19,0
avz2KNd,19,0
avz2KOZ,19,0
avz2KPE,19,0
avz2KVZ,19,0
avz2Kxb,19,0
avz2KXE,19,0
avz2KxX,19,0
avz2KZO,19,0
avz2LgO,19,0
avz2M0W,19,0
avz2M1d,19,0
avz2M3Z,19,0
avz2M7O,19,0
avz2M8q,19,0
avz2M9X,19,0
avz2mAW,19,0
avz2MAZ,19,0
avz2Mb5,19,0
avz2MBO,19,0
avz2Med,19,0
avz2MeM,19,0
avz2mEO,19,0
avz2MgX,19,0
avz2MNZ,15,1
avz2mOd,19,0
avz2MpW,19,0
avz2MQ5,19,0
avz2MqE,19,0
avz2mV5,19,0
avz2mvE,19,0
avz2Mvn,19,0
avz2MVO,19,0
avz2MW5,19,0
avz2Mxn,19,0
avz2mxO,19,0
avz2mXZ,19,0
avz2My5,19,0
avz2MYZ,19,0
avz2MZW,19,0
avz2N0d,19,0
avz2N1q,19,0
avz2N3E,19,0
avz2N4n,19,0
avz2N5O,19,0
avz2N8b,19,0
avz2NbE,19,0
avz2Nbq,19,0
avz2NBW,19,0
avz2NdM,19,0
avz2NDn,19,0
avz2NeZ,19,0
avz2NgM,19,0
avz2NGW,19,0
avz2NMO,19,0
avz2NnW,19,0
avz2Nob,19,0
avz2NOX,19,0
avz2Npd,19,0
avz2NPn,19,0
avz2NQE,19,0
avz2NqX,19,0
avz2NR5,19,0
avz2NRd,19,0
avz2NVX,19,0
avz2Nwb,19,0
avz2NWq,19,0
avz2Nx5,19,0
avz2NyE,19,0
avz2Nyq,19,0
avz2NZM,19,0
avz2NzO,19,0
avz2opb,19,0
avz2ow5,19,0
avz2OYO,19,0
avz2PBb,19,0
avz2pM5,19,0
avz2PXX,19,0
avz2PZn,19,0
avz2q4b,19,0
avz2q7O,19,0
avz2qBb,19,0
avz2qoq,19,0
avz2qQZ,19,0
avz2qVO,19,0
avz2QVZ,19,0
avz2qXX,19,0
avz2R75,19,0
avz2rRE,19,0
avz2V0b,19,0
avz2V1n,19,0
avz2V4q,19,0
avz2V5d,19,0
avz2V9O,19,0
avz2VwZ,19,0
avz2vyd,19,0
avz2VYM,19,0
avz2Vz5,19,0
avz2wAO,19,0
avz2wdd,19,0
avz2wgM,19,0
avz2wYE,19,0
avz2X2M,19,0
avz2X3q,19,0
avz2X8E,19,0
avz2X9n,19,0
avz2XAq,19,0
avz2XBb,19,0
avz2XDX,19,0
avz2XEd,19,0
avz2XjE,19,0
avz2XLW,19,0
avz2XoE,19,0
avz2XPX,19,0
avz2xpZ,19,0
avz2xYb,19,0
avz2Xzq,19,0
avz2yoq,19,0
avz2z1d,19,0
avz2zed,19,0
avz2ZQO,19,0
awBN0K4,19,0
awBN1Ay,19,0
awBN1LD,19,0
awBN2dR,19,0
awBN2eQ,19,0
awBN2jr,19,0
awBN2my,19,0
awBN2rQ,0,1
awBN2W4,19,0
awBN3MB,19,0
awBN4v4,19,0
awBN7y1,19,0
awBN83D,19,0
awBN8b4,19,0
awBN8e4,19,0
awBN8Or,19,0
awBN8RQ,19,0
awBN91W,19,0
awBN9qB,19,0
awBN9VR,19,0
awBNb0R,19,0
awBNbKQ,19,0
awBNBz8,18,1
awBNDAR,19,0
awBNDDy,19,0
awBNDKW,19,0
awBNDMQ,19,0
awBNDNB,19,0
awBNDxx,19,0
awBNE3Q,19,0
awBNE5W,19,0
awBNE7B,19,0
awBNEAx,19,0
awBNEbr,19,0
awBNEBy,19,0
awBNeDD,19,0
awBNEDW,19,0
awBNEG4,19,0
awBNEM8,19,0
awBNEND,19,0
awBNEnW,19,0
awBNeO8,19,0
awBNEP4,19,0
awBNERR,19,0
awBNEvB,19,0
awBNEWy,19,0
awBNEx4,19,0
awBNEYr,19,0
awBNEz8,19,0
awBNG7r,19,0
awBNGPB,19,0
awBNGQW,19,0
awBNGR8,19,0
awBNGrD,19,0
awBNGXW,19,0
awBNjDW,19,0
awBNjGB,19,0
awBNjox,19,0
awBNKA1,19,0
awBNm4W,19,0
awBNN6D,19,0
awBNnzQ,19,0
awBNOxQ,19,0
awBNoXR,19,0
awBNP1y,19,0
awBNpDQ,19,0
awBNpdx,19,0
awBNPG1,19,0
awBNPoB,19,0
awBNv2Q,19,0
awBNv78,19,0
awBNvwD,19,0
awBNw0Q,19,0
awBNw3y,19,0
awBNw4Q,13,1
awBNw5r,19,0
awBNW5y,19,0
awBNwA4,19,0
awBNWD8,19,0
awBNWeW,19,0
awBNWgD,19,0
awBNWj8,19,0
awBNwjB,19,0
awBNWLB,19,0
awBNwLR,19,0
awBNWmr,19,0
awBNwp4,19,0
awBNWPy,19,0
awBNWQ8,19,0
awBNwqx,19,0
awBNWR1,19,0
awBNwwW,19,0
awBNwXB,19,0
awBNWXR,19,0
awBNxO1,19,0
awBNXXB,19,0
awBNy4r,19,0
awBNYAW,19,0
awBNZ1B,19,0
awBNZ3r,19,0
awBNZqD,19,0
aWEVVZ2,19,0
awoqqrR,19,0
aWxB066,19,0
aWxB1zn,19,0
aWxB2Nn,19,0
aWxB2Xx,19,0
aWxB38Z,19,0
aWxB3dA,19,0
aWxB3Dn,19,0
aWxB3eZ,19,0
aWxB3G6,19,0
aWxB3mx,18,1
aWxB3OA,19,0
aWxB3p4,19,0
aWxB3Qq,19,0
aWxB3qx,19,0
aWxB3V4,19,0
aWxB3vK,19,0
aWxB3Y2,19,0
aWxB3Zn,19,0
aWxB4w2,19,0
aWxB4xx,19,0
aWxB4yA,19,0
aWxB523,19,0
aWxB564,19,0
aWxB57Z,8,1
aWxB5N4,19,0
aWxB5qK,19,0
aWxB5vx,19,0
aWxB6dK,19,0
aWxB7O3,19,0
aWxB8KK,19,0
aWxB9M2,19,0
aWxB9Nx,19,0
aWxB9q3,19,0
aWxB9VK,19,0
aWxB9z4,19,0
aWxBAdA,19,0
aWxBAmZ,19,0
aWxBAQq,19,0
aWxBAr3,19,0
aWxBB53,19,0
aWxBbDA,19,0
aWxBBvq,19,0
aWxBd32,19,0
aWxBd5x,19,0
aWxBddn,19,0
aWxBdDq,19,0
aWxBdL4,19,0
aWxBdw3,18,1
aWxBdZq,13,1
aWxBe4K,19,0
aWxBe7q,19,0
aWxBeM2,18,1
aWxBeP2,19,0
aWxBGE3,19,0
aWxBGq2,19,0
aWxBGWA,19,0
aWxBjmK,19,0
aWxBM22,19,0
aWxBN1n,19,0
aWxBN3A,19,0
aWxBN9d,19,0
aWxBND4,19,0
aWxBnK3,19,0
aWxBNKx,19,0
aWxBNo6,10,1
aWxBNOK,19,0
aWxBNQ4,19,0
aWxBNWd,19,0
aWxBNYA,19,0
aWxBorK,19,0
aWxBOvd,19,0
aWxBOz3,19,0
aWxBP66,19,0
aWxBpmK,19,0
aWxBpO4,19,0
aWxBPQ2,19,0
aWxBPR3,19,0
aWxBpv2,19,0
aWxBqRd,19,0
aWxBr3Z,19,0
aWxBr5A,19,0
aWxBR5d,19,0
aWxBr6q,19,0
aWxBRA4,19,0
aWxBrb4,19,0
aWxBrDd,19,0
aWxBrG2,19,0
aWxBRGn,19,0
aWxBrgx,19,0
aWxBrjx,19,0
aWxBrK2,19,0
aWxBrMq,19,0
aWxBrn6,19,0
aWxBrNq,19,0
aWxBrp3,19,0
aWxBrPq,19,0
aWxBrRK,19,0
aWxBrWK,19,0
aWxBRXK,19,0
aWxBrxZ,19,0
aWxBrzx,19,0
aWxBX56,19,0
aWxBxDd,19,0
aWxBXxd,19,0
aWxBy5A,19,0
aWxBy73,19,0
aWxByb4,19,0
aWxBymn,19,0
aWxByzZ,19,0
aWxBz06,19,0
aWxBz23,15,1
aWxBz7Z,19,0
aWxBZEA,19,0
aWxBzKA,19,0
aWxBzLx,19,0
aWxBzmK,19,0
aWxBzo2,19,0
aWxBzO4,19,0
aWxBzQ3,19,0
aWxBzW6,19,0
aWxBzXq,19,0
aWxBzYq,19,0
aWxBzzn,19,0
ax7p55W,8,1
ax7ppgW,19,0
ax7ppKn,19,0
ax9E09M,19,0
ax9E0OW,19,0
ax9E4eL,19,0
ax9E4GY,19,0
ax9E4KD,19,0
ax9E4Mn,19,0
ax9E4Xp,19,0
ax9E52W,19,0
ax9E55K,19,0
ax9E56Y,19,0
ax9E59K,19,0
ax9E5An,19,0
ax9E5ep,19,0
ax9E5K1,19,0
ax9E5o2,19,0
ax9E5OL,19,0
ax9E5PD,19,0
ax9E5qb,19,0
ax9E5rb,19,0
ax9E5WM,19,0
ax9E5y2,19,0
ax9E5zb,19,0
ax9E5ZW,19,0
ax9E6Y1,19,0
ax9E7Rb,19,0
ax9E80Y,19,0
ax9E85D,19,0
ax9E8eM,19,0
ax9EAD2,12,1
ax9EAGK,19,0
ax9EAKM,19,0
ax9EAoD,19,0
ax9EAvn,19,0
ax9EAwY,19,0
ax9EbdW,19,0
ax9ED9b,19,0
ax9EDdL,19,0
ax9EDRL,19,0
ax9EDxK,19,0
ax9EebK,19,0
ax9EeLn,19,0
ax9EeMp,19,0
ax9EeR2,19,0
ax9EeW1,19,0
ax9EeXp,19,0
ax9EeZY,19,0
ax9EK8K,19,0
ax9EKz2,19,0
ax9EL41,19,0
ax9EL5Y,19,0
ax9EL6W,19,0
ax9EL9M,19,0
ax9ELA1,19,0
ax9ELeK,19,0
ax9ELEn,2,1
ax9ELG1,19,0
ax9ELgK,19,0
ax9ELjb,19,0
ax9ELLM,19,0
ax9ELnb,19,0
ax9ELNp,19,0
ax9ELr2,19,0
ax9ELRn,19,0
ax9ELvD,0,1
ax9ELw2,19,0
ax9ELxL,19,0
ax9ELXY,19,0
ax9ELyL,19,0
ax9ELz2,19,0
ax9Em8n,19,0
ax9EmOY,19,0
ax9EmRY,19,0
ax9En4p,19,0
ax9En8b,19,0
ax9En92,19,0
ax9EnD1,19,0
ax9EnMM,19,0
ax9EnYn,19,0
ax9EnyY,19,0
ax9EnZp,19,0
ax9Eq0Y,19,0
ax9EQ2D,19,0
ax9EQ5b,19,0
ax9Eqdb,19,0
ax9EQDn,19,0
ax9EqEb,19,0
ax9EqG2,19,0
ax9EQjW,19,0
ax9EqmK,19,0
ax9EqNK,19,0
ax9EqPb,19,0
ax9EQPL,19,0
ax9EQq1,19,0
ax9EqRb,19,0
ax9EqWn,19,0
ax9EQxK,19,0
ax9EqxW,19,0
ax9Er2Y,19,0
ax9ER6b,19,0
ax9Er8D,19,0
ax9ErE2,19,0
ax9Ero1,19,0
ax9EvnM,19,0
ax9Evpp,19,0
ax9Ew7b,19,0
ax9EwBK,19,0
ax9Ewqb,19,0
ax9EWqK,19,0
ax9EWQp,19,0
ax9Ewr1,19,0
ax9EwW2,19,0
ax9EYAp,19,0
ax9EyBL,19,0
ax9EyOn,19,0
ax9EYRW,19,0
ax9Ez0W,19,0
ax9EzvK,19,0
ax9EZzW,19,0
aXgZ06V,19,0
aXgZ0AD,19,0
aXgZ0Bz,19,0
aXgZ1nD,19,0
aXgZ28b,19,0
aXgZ38z,19,0
aXgZ3mP,19,0
aXgZ3Nb,19,0
aXgZ3nV,19,0
aXgZ3vd,19,0
aXgZ649,19,0
aXgZ682,19,0
aXgZ6dD,19,0
aXgZ6gb,19,0
aXgZ6L2,19,0
aXgZ6M6,19,0
aXgZ6mv,19,0
aXgZ6ob,19,0
aXgZ6Oz,19,0
aXgZ6wv,19,0
aXgZ6XD,19,0
aXgZ6xz,14,1
aXgZ6yb,19,0
aXgZ6Yz,19,0
aXgZ6ZP,19,0
aXgZ9Lz,19,0
aXgZ9zP,19,0
aXgZB0b,19,0
aXgZB5D,19,0
aXgZB6P,1,1
aXgZB7z,19,0
aXgZBBd,19,0
aXgZBd2,19,0
aXgZBEg,19,0
aXgZBG2,19,0
aXgZBgd,19,0
aXgZBKb,19,0
aXgZBLv,19,0
aXgZBMv,19,0
aXgZBNV,19,0
aXgZBod,19,0
aXgZBpg,19,0
aXgZBQ6,19,0
aXgZBX2,0,1
aXgZByd,19,0
aXgZd9D,19,0
aXgZdKP,19,0
aXgZdLg,19,0
aXgZdM2,19,0
aXgZdnb,19,0
aXgZdwD,19,0
aXgZdzv,19,0
aXgZe6g,19,0
aXgZeAz,19,0
aXgZexb,19,0
aXgZG22,19,0
aXgZGe6,19,0
aXgZGjD,19,0
aXgZGPV,19,0
aXgZGvd,19,0
aXgZgxD,19,0
aXgZGYD,19,0
aXgZj2P,19,0
aXgZj3V,19,0
aXgZKp6,19,0
aXgZm62,19,0
aXgZmr6,19,0
aXgZND2,19,0
aXgZngb,19,0
aXgZO2v,19,0
aXgZo6P,19,0
aXgZPW6,19,0
aXgZpYg,8,1
aXgZQ5d,19,0
aXgZqEd,19,0
aXgZQnd,19,0
aXgZQY9,15,1
aXgZQz6,19,0
aXgZR16,19,0
aXgZR69,19,0
aXgZrvg,19,0
aXgZrwb,19,0
aXgZRx6,19,0
aXgZV9d,19,0
aXgZVdP,19,0
aXgZVeP,19,0
aXgZX9D,19,0
aXgZxG2,19,0
aXgZXW9,19,0
aXgZy3D,19,0
aXgZyAd,13,1
aXgZyb6,19,0
aXgZyd9,19,0
aXgZye9,19,0
aXgZyjv,19,0
aXgZymd,19,0
aXgZyNb,19,0
aXgZynz,19,0
aXgZyp9,19,0
aXgZyPz,19,0
aXgZyQP,19,0
aXgZyVg,19,0
aXgZyW2,19,0
aXgZzDg,19,0
aXgZzXD,19,0
aXgZzYz,19,0
aXgZzzv,19,0
aXj85mD,19,0
aXj882V,13,1
aXj88x6,0,1
aXj8B6b,19,0
aXj8Dp2,19,0
aY7z27q,19,0
ayeE0KX,19,0
ayeE0p8,19,0
ayeE0ZV,19,0
ayeE1Kr,19,0
ayeE1Mp,19,0
ayeE1OM,19,0
ayeE1vV,19,0
ayeE2xV,19,0
ayeE4Nr,19,0
ayeE4pb,19,0
ayeE4Zq,19,0
ayeE7r8,19,0
ayeEAA8,19,0
ayeEAnb,19,0
ayeEAxq,19,0
ayeEb5r,19,0
ayeEb6X,19,0
ayeEb8M,19,0
ayeEbAY,19,0
ayeEbj8,19,0
ayeEbMq,19,0
ayeEbnp,19,0
ayeEbPp,19,0
ayeEbrb,19,0
ayeEbVM,19,0
ayeEbWX,19,0
ayeEbXb,19,0
ayeEbZM,19,0
ayeEbzp,19,0
ayeEDqW,19,0
ayeEDvY,19,0
ayeEeNV,19,0
ayeEEz8,19,0
ayeEG0X,19,0
ayeEG1V,19,0
ayeEG38,19,0
ayeEG6q,19,0
ayeEG7y,19,0
ayeEG9b,19,0
ayeEGBM,8,1
ayeEGeY,19,0
ayeEGGY,19,0
ayeEGjM,19,0
ayeEGmr,19,0
ayeEGMY,19,0
ayeEGOb,19,0
ayeEGq8,19,0
ayeEGrp,19,0
ayeEGRy,19,0
ayeEGVW,19,0
ayeEGWV,19,0
ayeEGZr,19,0
ayeEj0b,19,0
ayeEj7M,19,0
ayeEjAq,19,0
ayeEjBV,19,0
ayeEjby,19,0
ayeEjEM,19,0
ayeEjey,19,0
ayeEjjy,19,0
ayeEjL8,19,0
ayeEjm8,19,0
ayeEjNW,19,0
ayeEjpY,19,0
ayeEjvY,19,0
ayeEjWp,19,0
ayeEjxq,19,0
ayeEjXV,19,0
ayeEK8y,19,0
ayeEKgp,0,1
ayeEKGr,19,0
ayeEKLy,19,0
ayeEM6q,19,0
ayeEm6Y,19,0
ayeEmGr,19,0
ayeEmLy,19,0
ayeEmOr,19,0
ayeEmXX,19,0
ayeEmzq,19,0
ayeEn5M,19,0
ayeEnMy,19,0
ayeENQr,19,0
ayeEoAq,19,0
ayeEP1Y,19,0
ayeEPAy,8,1
ayeEPBX,19,0
ayeEPMW,19,0
ayeEPP8,19,0
ayeEppy,19,0
ayeER1Y,19,0
ayeEr5r,19,0
ayeErAY,19,0
ayeErRW,19,0
ayeErxY,19,0
ayeErzp,19,0
ayeEV0r,19,0
ayeEV1X,19,0
ayeEV7W,19,0
ayeEvPy,19,0
ayeEw9Y,19,0
ayeExzp,19,0
ayeEZAr,19,0
ayeEZDr,19,0
ayeEZeM,11,1
ayeEZgY,19,0
ayeEZjp,19,0
ayeEzjV,19,0
ayeEzpM,19,0
ayeEzPY,19,0
ayeEzWr,19,0
ayoyg4V,19,0
ayoyOZY,19,0
aYyj0Ov,5,1
aYyj0qN,19,0
aYyj39q,19,0
aYyj3Bv,19,0
aYyj3dx,19,0
aYyj3eO,19,0
aYyj3gN,19,0
aYyj3jm,19,0
aYyj3mx,19,0
aYyj3nO,19,0
aYyj3oq,19,0
aYyj3PV,19,0
aYyj3qm,19,0
aYyj3V0,19,0
aYyj3wx,19,0
aYyj3z0,19,0
aYyj3ZO,17,1
aYyj4R2,19,0
aYyj5WV,19,0
aYyj62q,19,0
aYyj64v,19,0
aYyj68q,19,0
aYyj697,19,0
aYyj6XN,19,0
aYyj6y7,19,0
aYyj7zm,19,0
aYyj90O,19,0
aYyj91w,19,0
aYyj99v,19,0
aYyj9dm,19,0
aYyj9Dq,19,0
aYyj9em,19,0
aYyj9G7,19,0
aYyj9gx,19,0
aYyj9Nw,19,0
aYyj9Oq,13,1
aYyj9QN,19,0
aYyj9v2,19,0
aYyj9VN,19,0
aYyj9wm,19,0
aYyj9WV,19,0
aYyj9XO,19,0
aYyj9YO,19,0
aYyjALx,19,0
aYyjB70,19,0
aYyjB8V,19,0
aYyjBB7,19,0
aYyjbQq,19,0
aYyjbyN,19,0
aYyjd67,19,0
aYyjDPm,19,0
aYyjDq2,19,0
aYyjdVw,19,0
aYyjdy0,19,0
aYyjdYq,19,0
aYyjER0,19,0
aYyjgE7,19,0
aYyjGqw,19,0
aYyjKp7,19,0
aYyjLN0,19,0
aYyjLx2,19,0
aYyjm4w,19,0
aYyjm6w,19,0
aYyjm9m,19,0
aYyjmK0,19,0
aYyjmOO,19,0
aYyjnAm,19,0
aYyjnbm,19,0
aYyjNev,19,0
aYyjngv,19,0
aYyjnMV,19,0
aYyjnnx,19,0
aYyjNP2,19,0
aYyjNYq,19,0
aYyjo9v,19,0
aYyjpD7,19,0
aYyjPO0,19,0
aYyjQ77,19,0
aYyjQEw,19,0
aYyjQnO,19,0
aYyjqyV,19,0
aYyjR3x,19,0
aYyjR42,19,0
aYyjR62,19,0
aYyjrd0,19,0
aYyjRmw,19,0
aYyjRoO,19,0
aYyjRww,19,0
aYyjv92,19,0
aYyjvDv,19,0
aYyjvp7,19,0
aYyjWAN,19,0
aYyjwpO,19,0
aYyjWR7,19,0
aYyjwX0,19,0
aYyjwzV,19,0
aYyjX3w,19,0
aYyjX50,19,0
aYyjX6q,19,0
aYyjXbv,19,0
aYyjXdN,19,0
aYyjXeN,19,0
aYyjXGm,19,0
aYyjXjO,19,0
aYyjXL7,19,0
aYyjXMx,19,0
aYyjXNO,19,0
aYyjxpv,19,0
aYyjXPx,19,0
aYyjXqO,19,0
aYyjXrV,19,0
aYyjxX0,19,0
aYyjXyw,19,0
aYyjXzm,19,0
aYyjY0m,19,0
aYyjZLm,19,0
az160Lp,19,0
az160oj,19,0
az16nMz,19,0
aZ799X3,19,0
aZ799xV,19,0
azm729K,19,0
azm72Mz,19,0
azm736p,19,0
azm73mb,19,0
azm73xZ,19,0
azm743m,19,0
azm745x,19,0
azm74EK,19,0
azm74vb,19,0
azm74WZ,7,1
azm74ym,19,0
azm77BN,19,0
azm77Gp,19,0
azm78mK,19,0
azm78Nz,19,0
azm79Dq,19,0
azm7B0K,19,0
azm7B1q,19,0
azm7b3j,19,0
azm7B5z,19,0
azm7B6z,19,0
azm7beB,19,0
azm7BKm,19,0
azm7D3j,19,0
azm7D4m,19,0
azm7dBq,19,0
azm7DBZ,19,0
azm7DmB,19,0
azm7Dmx,19,0
azm7Dop,19,0
azm7Dpx,19,0
azm7DQm,19,0
azm7Drp,19,0
azm7EdZ,19,0
azm7G8p,19,0
azm7GNB,19,0
azm7gzx,19,0
azm7KgZ,19,0
azm7LZq,19,0
azm7M2x,19,0
azm7MdB,19,0
azm7Mex,19,0
azm7Mxx,19,0
azm7n1p,18,1
azm7n5B,19,0
azm7n7K,19,0
azm7n8Z,19,0
azm7nbK,19,0
azm7nbz,19,0
azm7nDb,19,0
azm7ndN,19,0
azm7nEz,19,0
azm7ngK,19,0
azm7nKN,19,0
azm7nnj,19,0
azm7nob,19,0
azm7nOq,19,0
azm7npp,19,0
azm7nQz,19,0
azm7nVb,19,0
azm7nvm,19,0
azm7nwp,19,0
azm7nxB,19,0
azm7nXp,19,0
azm7nXZ,19,0
azm7nzm,19,0
azm7nzZ,19,0
azm7o2j,19,0
azm7o6x,19,0
azm7o8m,19,0
azm7oAb,19,0
azm7omp,19,0
azm7OnZ,19,0
azm7oWp,19,0
azm7p5b,19,0
azm7P6m,19,0
azm7p9q,19,0
azm7pBx,19,0
azm7pDB,19,0
azm7pdm,19,0
azm7pDx,19,0
azm7pez,19,0
azm7pjB,19,0
azm7pjx,19,0
azm7pMK,19,0
azm7pMz,19,0
azm7pnz,19,0
azm7pOZ,19,0
azm7ppq,19,0
azm7pQj,19,0
azm7prB,19,0
azm7pRp,11,1
azm7pvN,19,0
azm7pVx,19,0
azm7pxb,19,0
azm7pXq,13,1
azm7pYj,19,0
azm7pyN,19,0
azm7Q0m,19,0
azm7Q3z,19,0
azm7Q8q,19,0
azm7QdZ,19,0
azm7QOj,19,0
azm7QQB,19,0
azm7Qrq,19,0
azm7QVN,19,0
azm7qWB,19,0
azm7qYb,19,0
azm7qYm,19,0
azm7r5p,19,0
azm7rOj,19,0
azm7roq,19,0
azm7rqK,19,0
azm7vAq,19,0
azm7VDj,19,0
azm7vEN,19,0
azm7vmb,19,0
azm7vMm,19,0
azm7VMq,19,0
azm7vNm,19,0
azm7vPp,19,0
azm7vVN,19,0
azm7vWb,19,0
azm7VZZ,19,0
azm7W1B,19,0
azm7W3x,19,0
azm7W4Z,19,0
azm7W5K,19,0
azm7W5q,19,0
azm7w5x,19,0
azm7W6q,19,0
azm7w8m,19,0
azm7W9B,19,0
azm7W9x,18,1
azm7wAb,19,0
azm7WBp,19,0
azm7WdK,19,0
azm7WDp,19,0
azm7WeN,19,0
azm7Wgm,19,0
azm7WGz,1,1
azm7Wjp,19,0
azm7WLZ,19,0
azm7WmN,19,0
azm7wmp,19,0
azm7WNq,19,0
azm7WOb,19,0
azm7Wop,19,0
azm7wPB,19,0
azm7WPz,19,0
azm7Wqj,19,0
azm7WQZ,19,0
azm7WRb,19,0
azm7wrm,19,0
azm7wvm,19,0
azm7WVZ,19,0
azm7Wwx,18,1
azm7WXx,19,0
azm7Wyj,19,0
azm7Wyx,19,0
azm7WZb,19,0
azm7WZm,19,0
azm7X8m,19,0
azm7xjp,19,0
azm7xqx,19,0
azm7y0N,19,0
azm7y1B,19,0
azm7YAZ,19,0
azm7yDZ,19,0
azm7yeN,19,0
azm7yEZ,19,0
azm7yMN,19,0
azm7ynN,19,0
azm7yop,18,1
azm7Ypx,19,0
azm7yRb,19,0
azm7yvp,19,0
azm7yXj,19,0
azm7yzj,19,0
azm7Z2K,19,0
azm7Z3N,19,0
azm7z4j,19,0
azm7z6z,19,0
azm7zdb,19,0
azm7zmq,19,0
azm7zNz,19,0
azm7ZqB,19,0
azm7zXN,19,0
aZyq1Wn,19,0
aZyq2WW,19,0
aZyq3x9,19,0
aZyq4KV,19,0
aZyq500,19,0
aZyq516,19,0
aZyq53X,19,0
aZyq5Dz,19,0
aZyq5o3,19,0
aZyq5qn,19,0
aZyq5Zz,19,0
aZyq63z,19,0
aZyq689,19,0
aZyq69n,19,0
aZyq6B0,19,0
aZyq6ep,13,1
aZyq6Gp,19,0
aZyq6pW,19,0
aZyq6q3,19,0
aZyq6rp,19,0
aZyq6VW,19,0
aZyq6w9,19,0
aZyq6WX,19,0
aZyq6Xz,1,1
aZyq6Zn,19,0
aZyq6zQ,19,0
aZyq7Nz,19,0
aZyq7vz,19,0
aZyq819,19,0
aZyq8jQ,19,0
aZyqbbX,19,0
aZyqd0V,19,0
aZyqdD9,19,0
aZyqDnQ,19,0
aZyqdRW,19,0
aZyqe2V,19,0
aZyqe7W,19,0
aZyqeBQ,19,0
aZyqEdV,19,0
aZyqeDz,19,0
aZyqeEn,19,0
aZyqeGz,19,0
aZyqejV,19,0
aZyqeKX,19,0
aZyqeoQ,19,0
aZyqeP9,19,0
aZyqeQn,19,0
aZyqeXX,19,0
aZyqgxX,19,0
aZyqK7n,19,0
aZyqKPW,19,0
aZyqKR0,19,0
aZyqKr9,18,1
aZyqKwQ,19,0
aZyqL4V,15,1
aZyqmOn,19,0
aZyqnmX,19,0
aZyqnpQ,19,0
aZyqO09,13,1
aZyqO2W,19,0
aZyqO5n,19,0
aZyqO6V,8,1
aZyqo9z,19,0
aZyqoB3,19,0
aZyqObW,19,0
aZyqoD0,19,0
aZyqOG9,19,0
aZyqOjW,19,0
aZyqOLn,19,0
aZyqoLX,19,0
aZyqomQ,19,0
aZyqONz,19,0
aZyqOo6,19,0
aZyqOOV,19,0
aZyqop3,19,0
aZyqoPV,19,0
aZyqOQX,19,0
aZyqox9,19,0
aZyqOYn,19,0
aZyqOyV,19,0
aZyqP50,19,0
aZyqPG6,19,0
aZyqPOz,19,0
aZyqPr6,19,0
aZyqQ8n,19,0
aZyqR0W,19,0
aZyqr33,19,0
aZyqrzp,19,0
aZyqrZW,19,0
aZyqV4W,19,0
aZyqv63,19,0
aZyqve3,19,0
aZyqvjz,19,0
aZyqvL9,19,0
aZyqvmV,19,0
aZyqVMX,19,0
aZyqVnn,19,0
aZyqvpn,19,0
aZyqX4W,19,0
aZyqXm0,19,0
aZyqXoW,19,0
aZyqXq3,19,0
aZyqXWQ,19,0
aZyqYGX,19,0
aZyqYm9,19,0
aZyqYNn,19,0
aZyqYVn,19,0
aZyqZmz,19,0
